Workbook
Name Slicer_Department: #N/A
Name Slicer_Role: #N/A
Name Slicer_Work_Mode: #N/A

Sheet Raw
A1: Emp_ID | B1: Emp_Name | C1: Age | D1: Gender | E1: City | F1: Department | G1: Role | H1: Currency | I1: Monthly_Salary | J1: Num_Month | K1: Exp_Years | L1: Performance_Rating | M1: Bonus | N1: Attendance_% | O1: Leaves_Taken | P1: Projects_Handled | Q1: Promotion_Status | R1: Work_Mode | S1: Shift | T1: Overtime_Hours | U1: Training_Hours | V1: Salary_Band
A2: ZOM1328 | B2: Employee_328_India | C2: 44 | D2: F | E2: Bangalore | F2: Customer Support | G2: Director | H2: INR | I2: 99000 | J2: 12 | K2: 11 | L2: 4 | M2: 59000 | N2: 90 | O2: 15 | P2: 3 | R2: Hybrid | S2: Day | V2: Medium
A3: ZOM1042 | B3: Employee_42_India | C3: 24 | D3: F | E3: Bangalore | F3: Logistics | G3: Lead Analyst | H3: INR | I3: 70500 | J3: 12 | K3: 7 | L3: 4 | M3: 10871 | N3: 80 | O3: 5 | P3: 5 | R3: Hybrid | S3: Day | T3: 5 | V3: Medium
A4: ZOM1377 | B4: Employee_377_India | C4: 25 | E4: Pune | F4: Operations | G4: Senior Analyst | H4: INR | I4: 36000 | J4: 12 | K4: 3 | L4: 3 | M4: 10000 | N4: 90 | O4: 5 | P4: 1 | Q4: No | R4: Hybrid | S4: Day | T4: 10 | U4: 20 | V4: Medium
A5: ZOM1076 | B5: Employee_76_India | C5: 27 | D5: M | E5: Gurugram | F5: Logistics | G5: Senior Analyst | H5: INR | I5: 36000 | J5: 12 | K5: 3 | L5: 3 | M5: 8000 | N5: 80 | O5: 5 | P5: 3 | S5: Day | T5: 10 | U5: 30 | V5: Medium
A6: ZOM1103 | B6: Employee_103_India | C6: 27 | D6: M | E6: Delhi | F6: Logistics | G6: Senior Analyst | H6: INR | I6: 49000 | J6: 12 | K6: -4 | L6: 2 | M6: 23300 | N6: 95 | O6: 5 | P6: 3 | Q6: Yes | R6: Hybrid | S6: Day | T6: 5 | U6: 30 | V6: Low
A7: ZOM1014 | B7: Employee_14_India | C7: 27 | E7: Delhi | F7: Analytics | G7: Senior Analyst | H7: INR | I7: 51000 | J7: 12 | K7: 4 | L7: 3 | M7: 10000 | N7: 88 | O7: 5 | P7: 5 | R7: Hybrid | S7: Day | U7: 12 | V7: Medium
A8: ZOM1333 | B8: Employee_333_India | C8: 26 | D8: F | F8: Operations | G8: Senior Analyst | H8: INR | I8: 42000 | J8: 12 | K8: 3 | L8: 1 | M8: 23400 | N8: 95 | O8: 15 | P8: 5 | Q8: No | R8: Hybrid | S8: Day | T8: 10 | U8: 20 | V8: Low
A9: ZOM1625 | B9: Employee_25_India | C9: 25 | D9: Female | E9: Chennai | F9: Operations | G9: Senior Analyst | H9: USD | I9: 36000 | J9: 12 | K9: 3 | L9: 4 | M9: 15000 | N9: 80 | O9: 7 | P9: 5 | R9: Remote | S9: Day | U9: 20 | V9: High
A10: ZOM1005 | B10: Employee_5_India | C10: 26 | E10: Hyderabad | F10: Operations | G10: Senior Analyst | H10: INR | I10: 42333 | J10: 12 | K10: 3 | L10: 4 | M10: 15000 | N10: 85 | O10: 10 | P10: 3 | S10: Day | T10: 5 | U10: 30 | V10: Medium
A11: ZOM1570 | B11: Employee_570_India | C11: 26 | D11: F | E11: Mumbai | F11: Logistics | G11: Senior Analyst | H11: INR | I11: 48000 | J11: 12 | K11: 4 | L11: 1 | M11: 24000 | N11: 88 | O11: 7 | P11: 1 | Q11: No | R11: Office | S11: Day | U11: 2 | V11: Low
A12: ZOM1142 | B12: Employee_142_India | C12: 26 | D12: F | E12: Kolkata | F12: Customer Support | G12: Senior Analyst | H12: INR | I12: 48000 | J12: 13 | K12: 4 | L12: 4 | M12: 15000 | N12: 90 | O12: 10 | P12: 1 | Q12: Yes | R12: Hybrid | S12: Day | T12: 5 | U12: 10 | V12: Medium
A13: ZOM1507 | B13: Employee_507_India | C13: 26 | D13: Female | E13: Noida | F13: Customer Support | G13: Senior Analyst | H13: INR | I13: 31000 | J13: 12 | K13: 2 | L13: 5 | M13: 19000 | N13: 85 | O13: 7 | P13: Five | R13: Hybrid | S13: Night | T13: 20 | V13: High
A14: ZOM1068 | B14: Employee_68_India | C14: 27 | E14: Indore | F14: Operations | G14: Senior Analyst | H14: INR | I14: 35000 | J14: 12 | K14: 3 | L14: 1 | N14: 90 | O14: 5 | P14: 3 | Q14: No | R14: Hybrid | S14: Night | U14: 20 | V14: Low
A15: ZOM1372 | B15: Employee_372_India | C15: 25 | D15: F | E15: Kolkata | F15: HR | G15: Senior Analyst | H15: INR | I15: 38000 | J15: 12 | K15: 3 | L15: 5 | M15: 24000 | N15: 90 | O15: 15 | P15: 5 | R15: Hybrid | S15: Day | U15: 20 | V15: High
A16: ZOM1451 | B16: Employee_451_India | C16: 26 | E16: Gurugram | F16: Analytics | G16: Senior Analyst | H16: INR | I16: 48000 | J16: 12 | K16: 4 | L16: 4 | M16: 15000 | N16: 90 | O16: 15 | P16: 1 | Q16: Yes | R16: Hybrid | S16: Day | T16: 20 | U16: 30 | V16: High
A17: ZOM1206 | B17: Employee_206_India | C17: 45 | D17: Female | E17: Bangalore | F17: Analytics | G17: Director | H17: USD | I17: 110000 | J17: 12 | K17: 10 | L17: 2 | N17: 88 | O17: 7 | P17: 5 | Q17: Yes | R17: Office | S17: Night | U17: 12 | V17: Low
A18: ZOM1318 | B18: Employee_318_India | C18: 45 | D18: F | E18: Chennai | F18: Finance | G18: Director | H18: INR | I18: 120000 | J18: 12 | K18: 12 | L18: 2 | N18: 80 | O18: 5 | P18: 3 | R18: Hybrid | S18: Day | U18: 20 | V18: Low
A19: ZOM1212 | B19: Employee_212_India | C19: 37 | D19: F | E19: Gurugram | F19: Analytics | G19: Senior Manager | H19: INR | I19: 90000 | J19: 12 | K19: 12 | L19: 4 | M19: 47000 | N19: 85 | O19: 7 | P19: 3 | Q19: Yes | R19: Hybrid | S19: Night | T19: 5 | V19: High
A20: ZOM1255 | B20: Employee_255_India | C20: 41 | D20: F | E20: Indore | F20: Finance | G20: Director | H20: INR | I20: 123000 | J20: 12 | K20: 13 | L20: 3 | M20: 54000 | N20: 95 | O20: 15 | P20: 2 | Q20: Yes | R20: Office | S20: Day | T20: 10 | U20: 11 | V20: Medium
A21: ZOM1390 | B21: Employee_390_India | C21: 26 | D21: Female | F21: Operations | G21: Senior Analyst | H21: INR | I21: 48000 | J21: 12 | K21: 4 | L21: 1 | N21: 88 | O21: 15 | P21: 2 | R21: Hybrid | S21: Day | T21: 20 | U21: 10 | V21: Low
A22: ZOM1234 | B22: Employee_234_India | C22: 26 | D22: Female | E22: Hyderabad | F22: Analytics | G22: Senior Analyst | H22: INR | I22: 32000 | J22: 15 | K22: 2 | L22: 4 | M22: 15000 | N22: 88 | O22: 10 | P22: 5 | R22: Office | S22: Night | U22: 20 | V22: Medium
A23: ZOM1385 | B23: Employee_385_India | C23: 34 | D23: Male | E23: Hyderabad | F23: Logistics | G23: Manager | H23: INR | I23: 79000 | J23: 12 | K23: 6 | L23: 5 | M23: 32000 | N23: 85 | O23: 10 | P23: Three | Q23: Yes | R23: Hybrid | S23: Night | T23: 10 | U23: 30 | V23: High
A24: ZOM1058 | B24: Employee_58_India | C24: 44 | D24: F | E24: Kolkata | F24: Customer Support | G24: Director | H24: INR | I24: 120000 | J24: 12 | K24: 10 | L24: 4 | M24: 54000 | N24: 85 | O24: 7 | P24: 3 | Q24: No | R24: Hybrid | S24: Night | V24: High
A25: ZOM1073 | B25: Employee_73_India | C25: 27 | D25: F | E25: Delhi | F25: Logistics | G25: Senior Analyst | H25: INR | I25: 38000 | J25: 12 | K25: 3 | L25: 1 | N25: 88 | O25: 15 | P25: 2 | Q25: Yes | R25: Office | S25: Day | T25: 20 | U25: 30 | V25: Low
A26: ZOM1360 | B26: Employee_360_India | C26: 27 | D26: Male | E26: Pune | F26: Analytics | G26: Lead Analyst | H26: INR | I26: 78000 | J26: 12 | K26: 6 | L26: 3 | M26: 11000 | N26: 88 | O26: 15 | P26: 1 | R26: Office | S26: Night | T26: 10 | V26: Medium
A27: ZOM1051 | B27: Employee_51_India | C27: 27 | D27: F | E27: Kolkata | F27: Customer Support | G27: Senior Analyst | H27: INR | I27: 38000 | J27: 12 | K27: 3 | L27: 1 | N27: 80 | O27: 10 | P27: 5 | Q27: No | R27: Hybrid | S27: Day | T27: 10 | U27: 13 | V27: Low
A28: ZOM1459 | B28: Employee_459_India | C28: 45 | E28: Indore | F28: Customer Support | G28: Director | H28: INR | I28: 110000 | J28: 12 | K28: 10 | L28: 1 | N28: 90 | O28: 10 | P28: 1 | Q28: No | R28: Office | S28: Night | U28: 30 | V28: Low
A29: ZOM1278 | B29: Employee_278_India | C29: 38 | D29: M | E29: Kolkata | F29: Finance | G29: Senior Manager | H29: USD | I29: 91600 | J29: 12 | K29: 12 | L29: 4 | M29: 43000 | N29: 90 | O29: 5 | P29: 5 | Q29: Yes | R29: Office | S29: Night | T29: 20 | U29: 20 | V29: Medium
A30: ZOM1572 | B30: Employee_572_India | C30: 26 | D30: F | E30: Noida | F30: Logistics | G30: Senior Analyst | H30: INR | I30: 42500 | J30: 12 | K30: 3 | L30: 2 | N30: 80 | O30: 10 | P30: 1 | Q30: Yes | R30: Office | S30: Day | T30: 5 | V30: Low
A31: ZOM1529 | B31: Employee_529_India | C31: 36 | D31: Female | E31: Pune | F31: Finance | G31: Senior Manager | H31: INR | I31: 91700 | J31: 12 | K31: 12 | L31: 2 | N31: 88 | O31: 7 | P31: 5 | Q31: No | R31: Hybrid | S31: Night | T31: 20 | U31: 30 | V31: Low
A32: ZOM1609 | B32: Employee_9_Foreign | C32: 25 | D32: Male | F32: Operations | G32: Senior Analyst | H32: USD | I32: 31000 | J32: 12 | K32: 2 | L32: 2 | N32: 80 | O32: 10 | P32: 3 | Q32: Yes | R32: Remote | S32: Day | U32: 10 | V32: Low
A33: ZOM1339 | B33: Employee_339_India | C33: 25 | D33: Male | E33: Delhi | F33: Analytics | G33: Senior Analyst | H33: INR | I33: 33000 | J33: 12 | K33: 2 | L33: 1 | N33: 85 | O33: 5 | P33: 1 | R33: Office | S33: Night | T33: 20 | V33: Low
A34: ZOM1597 | B34: Employee_597_India | C34: 25 | D34: F | E34: Hyderabad | F34: Finance | G34: Senior Analyst | H34: INR | I34: 45000 | J34: 12 | K34: 4 | L34: 1 | N34: 95 | O34: 15 | P34: 1 | R34: Hybrid | S34: Day | T34: 10 | V34: Low
A35: ZOM1188 | B35: Employee_188_India | C35: 27 | D35: M | E35: Noida | F35: Analytics | G35: Senior Analyst | H35: INR | I35: 43000 | J35: 12 | K35: 3 | L35: 1 | N35: 88 | O35: 15 | P35: 1 | Q35: No | R35: Hybrid | S35: Night | T35: 5 | U35: 30 | V35: Low
A36: ZOM1655 | B36: Employee_55_Foreign | C36: 32 | D36: Male | E36: Bangalore | F36: Logistics | G36: Manager | H36: INR | I36: 80000 | J36: 12 | K36: 8 | L36: 4 | N36: 90 | O36: 5 | P36: 7 | Q36: Yes | R36: Office | S36: Day | T36: 20 | U36: 30 | V36: Medium
A37: ZOM1098 | B37: Employee_98_India | C37: 29 | E37: Kolkata | F37: Logistics | G37: Lead Analyst | H37: INR | I37: 78000 | J37: 12 | K37: 5 | L37: 1 | N37: 85 | O37: 10 | P37: 1 | R37: Hybrid | S37: Night | T37: 20 | U37: 2 | V37: Low
A38: ZOM1040 | B38: Employee_40_India | C38: 38 | E38: Delhi | F38: Logistics | G38: Director | H38: INR | I38: 110000 | J38: 12 | K38: 11 | L38: 5 | M38: 65000 | N38: 95 | O38: 10 | P38: 5 | Q38: Yes | R38: Hybrid | S38: Night | U38: 22 | V38: High
A39: ZOM1273 | B39: Employee_273_India | C39: 38 | D39: F | E39: Mumbai | F39: HR | G39: Director | H39: INR | I39: 99000 | J39: 12 | K39: 13 | L39: 4 | M39: 58000 | N39: 90 | O39: 7 | P39: 2 | Q39: Yes | R39: Hybrid | S39: Night | U39: 30 | V39: Medium
A40: ZOM1045 | B40: Employee_45_India | C40: 27 | D40: Female | E40: Chennai | F40: Logistics | G40: Lead Analyst | H40: INR | I40: 79000 | J40: 12 | K40: 6 | L40: 4 | M40: 10871 | N40: 87 | O40: 15 | P40: Two | Q40: Yes | R40: Office | S40: Night | T40: 10 | U40: 20 | V40: High
A41: ZOM1161 | B41: Employee_161_India | C41: 42 | D41: M | E41: Hyderabad | F41: Logistics | G41: Director | H41: INR | I41: 100000 | J41: 12 | K41: 11 | L41: 4 | M41: 44461 | N41: 85 | O41: 10 | P41: 2 | Q41: No | R41: Hybrid | S41: Night | U41: 20 | V41: High
A42: ZOM1612 | B42: Employee_12_Foreign | C42: 28 | D42: Female | E42: Bangalore | F42: HR | G42: Lead Analyst | H42: USD | I42: 80000 | J42: 12 | K42: 6 | L42: 2 | N42: 80 | O42: 5 | P42: 5 | R42: Remote | S42: Night | T42: 5 | U42: 20 | V42: Low
A43: ZOM1268 | B43: Employee_268_India | C43: 27 | D43: M | E43: Mumbai | F43: Customer Support | G43: Senior Analyst | H43: INR | I43: 48000 | J43: 12 | K43: 4 | L43: 2 | N43: 95 | O43: 5 | P43: 13 | R43: Hybrid | S43: Night | T43: 5 | U43: 4 | V43: Low
A44: ZOM1481 | B44: Employee_481_India | C44: 27 | E44: Delhi | F44: Logistics | G44: Senior Analyst | H44: INR | I44: 35000 | J44: 12 | K44: 2 | L44: 5 | M44: 21000 | N44: 80 | O44: 7 | P44: 10 | R44: Office | S44: Night | T44: 20 | U44: 30 | V44: High
A45: ZOM1071 | B45: Employee_71_India | C45: 25 | D45: M | E45: Mumbai | F45: Logistics | G45: Lead Analyst | H45: USD | I45: 78000 | J45: 12 | K45: 6 | L45: 2 | N45: 87 | O45: 10 | P45: 6 | Q45: No | R45: Hybrid | S45: Night | T45: 10 | V45: Low
A46: ZOM1163 | B46: Employee_163_India | C46: 30 | D46: Female | E46: Pune | F46: Operations | G46: Lead Analyst | H46: INR | I46: 78000 | J46: 12 | K46: 6 | L46: 4 | M46: 10871 | N46: 80 | O46: 7 | P46: 1 | R46: Hybrid | S46: Night | U46: 20 | V46: High
A47: ZOM1347 | B47: Employee_347_India | C47: 26 | D47: Female | E47: Indore | F47: Finance | G47: Senior Analyst | H47: INR | I47: 56000 | J47: 12 | K47: 4 | L47: 4 | M47: 15000 | N47: 90 | O47: 10 | P47: 1 | Q47: No | R47: Hybrid | S47: Night | U47: 30 | V47: Medium
A48: ZOM1055 | B48: Employee_55_India | C48: 25 | D48: Female | E48: Gurugram | F48: Operations | G48: Lead Analyst | H48: INR | I48: 78000 | J48: 12 | K48: 7 | L48: 4 | M48: 10871 | N48: 95 | O48: 7 | P48: 1 | Q48: Yes | R48: Hybrid | S48: Day | T48: 5 | U48: 20 | V48: Medium
A49: ZOM1145 | B49: Employee_145_India | C49: 43 | D49: Female | E49: Pune | F49: Logistics | G49: Director | H49: INR | I49: 99000 | J49: 12 | K49: 12 | L49: 1 | N49: 85 | O49: 7 | P49: 3 | Q49: Yes | R49: Hybrid | S49: Day | T49: 12 | U49: 20 | V49: Low
A50: ZOM1617 | B50: Employee_17_Foreign | C50: 26 | E50: Indore | F50: Finance | G50: Senior Analyst | H50: USD | I50: 48000 | J50: 12 | K50: 4 | L50: 3 | M50: 8000 | N50: 87 | O50: 15 | P50: 2 | Q50: No | R50: Remote | S50: Day | T50: 10 | V50: Medium
A51: ZOM1095 | B51: Employee_95_India | C51: 19 | D51: M | E51: Delhi | F51: Customer Support | G51: Intern | H51: INR | I51: 9000 | J51: 12 | K51: 0 | L51: 1 | N51: 85 | O51: 15 | P51: 3 | Q51: No | R51: Hybrid | S51: Day | T51: 10 | U51: 20 | V51: Low
A52: ZOM1543 | B52: Employee_543_India | C52: 25 | D52: Male | F52: Logistics | G52: Senior Analyst | H52: INR | I52: 48000 | J52: 12 | K52: 4 | L52: 2 | N52: 87 | O52: 15 | P52: 3 | Q52: Yes | R52: Hybrid | S52: Day | V52: Low
A53: ZOM1487 | B53: Employee_487_India | C53: 21 | D53: Male | E53: Delhi | F53: Analytics | G53: Intern | H53: INR | I53: 15000 | J53: 12 | K53: 1 | L53: 2 | N53: 90 | O53: 7 | P53: 3 | Q53: No | R53: Hybrid | S53: Day | V53: Low
A54: ZOM1230 | B54: Employee_230_India | C54: 24 | E54: Hyderabad | F54: Logistics | G54: Lead Analyst | H54: INR | I54: 78000 | J54: 12 | K54: 7 | L54: 1 | N54: 80 | O54: 15 | P54: 12 | Q54: Yes | R54: Office | S54: Night | T54: 20 | V54: Low
A55: ZOM1017 | B55: Employee_17_India | C55: 25 | D55: Female | E55: Noida | F55: Finance | G55: Senior Analyst | H55: INR | I55: 37000 | J55: 12 | K55: 2 | L55: 5 | M55: 21000 | N55: 95 | O55: 10 | P55: 1 | Q55: Yes | R55: Office | S55: Night | U55: 30 | V55: High
A56: ZOM1528 | B56: Employee_528_India | C56: 25 | F56: Finance | G56: Senior Analyst | H56: INR | I56: 43000 | J56: 12 | K56: 3 | L56: 4 | M56: 10000 | N56: 85 | O56: 5 | P56: 12 | Q56: Yes | R56: Hybrid | S56: Day | T56: 20 | U56: 20 | V56: High
A57: ZOM1118 | B57: Employee_118_India | C57: 26 | D57: Male | E57: Pune | F57: Analytics | G57: Senior Analyst | H57: INR | I57: 37000 | J57: 12 | K57: 2 | L57: 1 | N57: 90 | O57: 10 | P57: 6 | Q57: No | R57: Hybrid | S57: Night | U57: 30 | V57: Low
A58: ZOM1527 | B58: Employee_527_India | C58: 27 | D58: Female | E58: Indore | F58: Analytics | G58: Senior Analyst | H58: INR | I58: 48000 | J58: 12 | K58: 4 | L58: 3 | M58: 8000 | N58: 80 | O58: 7 | P58: 1 | Q58: Yes | R58: Hybrid | S58: Night | V58: Medium
A59: ZOM1542 | B59: Employee_542_India | C59: 27 | D59: Male | E59: Kolkata | F59: Operations | G59: Senior Analyst | H59: INR | J59: 12 | K59: 4 | L59: 2 | N59: 80 | O59: 10 | P59: 11 | Q59: No | R59: Office | S59: Day | V59: Low
A60: ZOM1157 | B60: Employee_157_India | C60: 26 | E60: Bangalore | F60: HR | G60: Senior Analyst | H60: INR | I60: 53500 | J60: 12 | K60: 4 | L60: 2 | N60: 85 | O60: 5 | P60: 3 | R60: Hybrid | S60: Night | V60: Low
A61: ZOM1540 | B61: Employee_540_India | C61: 25 | D61: M | E61: Hyderabad | F61: Analytics | G61: Senior Analyst | H61: INR | I61: 43000 | J61: 12 | K61: 3 | L61: 1 | N61: 80 | O61: 15 | P61: 3 | R61: Office | S61: Day | T61: 10 | U61: 20 | V61: Low
A62: ZOM1341 | B62: Employee_341_India | C62: 45 | D62: M | E62: Kolkata | F62: Finance | G62: Director | H62: INR | I62: 120000 | J62: 12 | K62: 13 | L62: 2 | N62: 90 | O62: 10 | P62: 13 | R62: Hybrid | S62: Day | U62: 30 | V62: Low
A63: ZOM1325 | B63: Employee_325_India | C63: 25 | D63: F | E63: Indore | F63: Customer Support | G63: Senior Analyst | H63: INR | I63: 48000 | J63: 12 | K63: 4 | L63: 4 | M63: 12000 | N63: 90 | O63: 5 | P63: 3 | R63: Hybrid | S63: Day | T63: 20 | U63: 30 | V63: High
A64: ZOM1123 | B64: Employee_123_India | C64: 35 | D64: Female | E64: Indore | F64: Logistics | G64: Lead Analyst | H64: INR | I64: 76500 | J64: 12 | K64: 5 | L64: 3 | M64: 7000 | N64: 85 | O64: 10 | P64: 2 | Q64: Yes | R64: Hybrid | S64: Day | T64: 10 | U64: 30 | V64: Medium
A65: ZOM1063 | B65: Employee_63_India | C65: 26 | D65: F | E65: Noida | F65: Finance | G65: Senior Analyst | H65: INR | I65: 37000 | J65: 12 | K65: 2 | L65: 4 | M65: 12000 | N65: 80 | O65: 15 | P65: 11 | Q65: No | R65: Office | S65: Night | T65: 10 | V65: Medium
A66: ZOM1611 | B66: Employee_11_Foreign | C66: 28 | D66: Male | F66: HR | G66: Lead Analyst | H66: USD | I66: 78000 | J66: 12 | K66: 7 | L66: 1 | N66: 90 | O66: 7 | P66: 1 | Q66: Yes | R66: Remote | S66: Day | T66: 20 | U66: 10 | V66: Low
A67: ZOM1625 | B67: Employee_25_India | C67: 25 | D67: Female | E67: Chennai | F67: Operations | G67: Senior Analyst | H67: USD | I67: 36000 | J67: 12 | K67: 3 | L67: 4 | M67: 15000 | N67: 80 | O67: 7 | P67: 5 | R67: Remote | S67: Day | U67: 20 | V67: High
A68: ZOM1311 | B68: Employee_311_India | C68: 27 | D68: M | E68: Indore | F68: Finance | G68: Senior Analyst | H68: INR | I68: 37000 | J68: 12 | K68: 2 | L68: 4 | M68: 13000 | N68: 85 | O68: 10 | P68: 1 | Q68: No | R68: Hybrid | S68: Day | T68: 5 | U68: 30 | V68: Medium
A69: ZOM1381 | B69: Employee_381_India | C69: 26 | D69: Female | E69: Mumbai | F69: HR | G69: Senior Analyst | H69: INR | I69: 43000 | J69: 12 | K69: 3 | L69: 2 | N69: 85 | O69: 10 | P69: 3 | Q69: Yes | R69: Office | S69: Night | T69: 10 | U69: 30 | V69: Low
A70: ZOM1676 | B70: Employee_76_Foreign | C70: 35 | D70: F | E70: Indore | F70: Operations | G70: Manager | H70: USD | I70: 80000 | J70: 12 | K70: 9 | L70: 1 | N70: 90 | O70: 10 | P70: 11 | Q70: Yes | R70: Remote | S70: Day | U70: 20 | V70: Low
A71: ZOM1226 | B71: Employee_226_India | C71: 26 | E71: Hyderabad | F71: Customer Support | G71: Senior Analyst | H71: INR | I71: 43000 | J71: 12 | K71: 3 | L71: 1 | N71: 87 | O71: 5 | P71: 5 | R71: Office | S71: Day | T71: 5 | V71: Low
A72: ZOM1344 | B72: Employee_344_India | C72: 28 | D72: Male | E72: Indore | F72: HR | G72: Lead Analyst | H72: INR | I72: 78000 | J72: 12 | K72: 7 | L72: 3 | M72: 11000 | N72: 90 | O72: 7 | P72: 2 | Q72: Yes | R72: Office | S72: Day | V72: Medium
A73: ZOM1566 | B73: Employee_566_India | C73: 40 | D73: F | E73: Delhi | F73: HR | G73: Director | H73: INR | I73: 130000 | J73: 12 | K73: 13 | L73: 1 | N73: 87 | O73: 15 | P73: 2 | Q73: Yes | R73: Office | S73: Day | V73: Low
A74: ZOM1648 | B74: Employee_48_Foreign | C74: 27 | D74: Male | E74: Gurugram | F74: Logistics | G74: Lead Analyst | H74: INR | I74: 78000 | J74: 12 | K74: 7 | L74: 1 | N74: 87 | O74: 15 | P74: 5 | Q74: Yes | R74: Office | S74: Day | T74: 10 | U74: 10 | V74: Low
A75: ZOM1420 | B75: Employee_420_India | C75: 25 | E75: Gurugram | F75: HR | G75: Senior Analyst | H75: INR | I75: 38000 | J75: 12 | K75: 2 | L75: 4 | M75: 10000 | N75: 85 | O75: 5 | P75: 2 | Q75: Yes | R75: Hybrid | S75: Day | T75: 10 | V75: Medium
A76: ZOM1533 | B76: Employee_533_India | C76: 33 | D76: Male | F76: Customer Support | G76: Senior Manager | H76: INR | I76: 94500 | J76: 12 | K76: 9 | L76: 5 | M76: 28381 | N76: 90 | O76: 5 | P76: 5 | Q76: No | R76: Hybrid | S76: Day | U76: 30 | V76: High
A77: ZOM1680 | B77: Employee_80_Foreign | C77: 25 | E77: Bangalore | F77: HR | G77: Senior Analyst | H77: USD | I77: 48000 | J77: 12 | K77: 4 | L77: 1 | N77: 95 | O77: 5 | P77: 1 | Q77: Yes | R77: Remote | S77: Day | T77: 10 | U77: 30 | V77: Low
A78: ZOM1216 | B78: Employee_216_India | C78: 25 | D78: Female | E78: Noida | F78: Finance | G78: Senior Analyst | H78: INR | I78: 45000 | J78: 12 | K78: 3 | L78: 4 | M78: 10000 | N78: 85 | O78: 5 | P78: 8 | Q78: No | R78: Hybrid | S78: Day | T78: 5 | U78: 20 | V78: Medium
A79: ZOM1494 | B79: Employee_494_India | C79: 27 | E79: Delhi | F79: Logistics | G79: Senior Analyst | H79: INR | I79: 37000 | J79: 12 | K79: 2 | L79: 1 | N79: 85 | O79: 7 | P79: 13 | Q79: No | R79: Hybrid | S79: Day | T79: 10 | U79: 10 | V79: Low
A80: ZOM1048 | B80: Employee_48_India | C80: 26 | D80: M | E80: Pune | F80: HR | G80: Senior Analyst | H80: INR | I80: 45000 | J80: 12 | K80: 3 | L80: 4 | M80: 15000 | N80: 90 | O80: 7 | P80: 2 | Q80: No | R80: Hybrid | S80: Day | U80: 20 | V80: Medium
A81: ZOM1416 | B81: Employee_416_India | C81: 33 | D81: M | F81: Customer Support | G81: Senior Manager | H81: INR | I81: 90000 | J81: 12 | K81: 12 | L81: 2 | N81: 85 | O81: 7 | P81: 2 | R81: Hybrid | S81: Day | T81: 5 | U81: 20 | V81: Low
A82: ZOM1620 | B82: Employee_20_Foreign | C82: 27 | D82: Male | E82: Pune | F82: Operations | G82: Senior Analyst | H82: USD | I82: 37000 | J82: 12 | K82: 2 | L82: 3 | M82: 8000 | N82: 90 | O82: 7 | P82: 6 | R82: Remote | S82: Day | U82: 30 | V82: Medium
A83: ZOM1024 | B83: Employee_24_India | C83: 19 | E83: Noida | F83: Analytics | G83: Intern | H83: INR | I83: 12000 | J83: 12 | K83: 0 | L83: 1 | N83: 85 | O83: 10 | P83: 8 | Q83: No | R83: Hybrid | S83: Day | T83: 5 | V83: Low
A84: ZOM1285 | B84: Employee_285_India | C84: 27 | D84: F | E84: Pune | F84: Logistics | G84: Lead Analyst | H84: INR | I84: 78000 | J84: 12 | K84: 7 | L84: 2 | N84: 85 | O84: 7 | P84: 5 | R84: Hybrid | S84: Day | U84: 10 | V84: Low
A85: ZOM1239 | B85: Employee_239_India | C85: 34 | D85: Female | E85: Kolkata | F85: Operations | G85: Manager | H85: INR | I85: 88000 | J85: 12 | K85: 8 | L85: 1 | N85: 85 | O85: 10 | P85: 5 | Q85: No | R85: Hybrid | S85: Day | T85: 10 | V85: Low
A86: ZOM1026 | B86: Employee_26_India | C86: 25 | D86: M | E86: Bangalore | F86: HR | G86: Senior Analyst | H86: INR | I86: 47000 | J86: 12 | K86: 3 | L86: 2 | N86: 90 | O86: 15 | P86: 1 | R86: Hybrid | S86: Day | T86: 10 | V86: Low
A87: ZOM1681 | B87: Employee_81_Foreign | C87: 37 | D87: Female | E87: Bangalore | F87: HR | G87: Senior Manager | H87: USD | I87: 90000 | J87: 12 | K87: 12 | L87: 4 | M87: 43000 | N87: 80 | O87: 7 | P87: 2 | Q87: Yes | R87: Remote | S87: Day | T87: 10 | U87: 10 | V87: High
A88: ZOM1112 | B88: Employee_112_India | C88: 34 | D88: Female | E88: Kolkata | F88: Analytics | G88: Senior Manager | H88: INR | I88: 93200 | J88: 12 | K88: 9 | L88: 2 | N88: 80 | O88: 15 | P88: 6 | Q88: No | R88: Hybrid | S88: Day | T88: 5 | V88: Low
A89: ZOM1613 | B89: Employee_13_Foreign | C89: 27 | D89: F | E89: Chennai | F89: Logistics | G89: Senior Analyst | H89: INR | I89: 48000 | J89: 12 | K89: 4 | L89: 1 | N89: 85 | O89: 10 | P89: 1 | Q89: No | R89: Hybrid | S89: Day | T89: 5 | U89: 20 | V89: Low
A90: ZOM1371 | B90: Employee_371_India | C90: 27 | E90: Gurugram | F90: Analytics | G90: Senior Analyst | H90: INR | I90: 47000 | J90: 12 | K90: 3 | L90: 5 | M90: 21000 | N90: 85 | O90: 5 | P90: 5 | Q90: No | R90: Hybrid | S90: Day | T90: 20 | U90: 10 | V90: High
A91: ZOM1403 | B91: Employee_403_India | C91: 27 | E91: Delhi | F91: Analytics | G91: Senior Analyst | H91: INR | I91: 47500 | J91: 12 | K91: 4 | L91: 5 | M91: 21000 | N91: 85 | O91: 5 | P91: 5 | R91: Hybrid | S91: Day | T91: 5 | U91: 10 | V91: High
A92: ZOM1526 | B92: Employee_526_India | C92: 27 | D92: Male | E92: Bangalore | F92: Finance | G92: Senior Analyst | H92: INR | I92: 47000 | J92: 12 | K92: 3 | L92: 3 | N92: 85 | O92: 7 | P92: 1 | Q92: Yes | R92: Hybrid | S92: Day | T92: 20 | V92: Medium
A93: ZOM1324 | B93: Employee_324_India | C93: 26 | D93: M | E93: Noida | F93: Analytics | G93: Senior Analyst | H93: INR | I93: 47000 | J93: 12 | K93: 3 | L93: 1 | N93: 95 | O93: 7 | P93: 3 | Q93: No | R93: Hybrid | S93: Day | T93: 20 | V93: Low
A94: ZOM1684 | B94: Employee_84_Foreign | C94: 25 | D94: Male | E94: Hyderabad | F94: Finance | G94: Senior Analyst | H94: INR | I94: 48000 | J94: 12 | K94: 4 | L94: 4 | M94: 10000 | N94: 85 | O94: 5 | P94: 3 | Q94: Yes | R94: Hybrid | S94: Day | T94: 20 | U94: 30 | V94: High
A95: ZOM1286 | B95: Employee_286_India | C95: 25 | E95: Mumbai | F95: Operations | G95: Senior Analyst | H95: INR | I95: 48000 | J95: 12 | K95: 4 | L95: 4 | M95: 15000 | N95: 80 | O95: 7 | P95: 1 | Q95: Yes | R95: Hybrid | S95: Day | T95: 5 | U95: 30 | V95: Medium
A96: ZOM1151 | B96: Employee_151_India | C96: 25 | F96: Operations | G96: Senior Analyst | H96: INR | I96: 44000 | J96: 12 | K96: 3 | L96: 5 | M96: 21000 | N96: 95 | O96: 5 | P96: 2 | Q96: No | R96: Office | S96: Day | T96: 5 | V96: High
A97: ZOM1464 | B97: Employee_464_India | C97: 26 | E97: Delhi | F97: Customer Support | G97: Senior Analyst | H97: INR | I97: 33000 | J97: 12 | K97: 2 | L97: 4 | M97: 15000 | N97: 80 | O97: 5 | P97: 1 | Q97: Yes | R97: Hybrid | S97: Day | V97: High
A98: ZOM1664 | B98: Employee_64_Foreign | C98: 27 | E98: Bangalore | F98: HR | G98: Senior Analyst | H98: USD | I98: 48000 | J98: 12 | K98: 4 | L98: 5 | M98: 21000 | N98: 95 | O98: 10 | P98: 1 | Q98: Yes | R98: Remote | S98: Day | T98: 10 | U98: 30 | V98: High
A99: ZOM1532 | B99: Employee_532_India | C99: 26 | D99: Male | E99: Indore | F99: HR | G99: Senior Analyst | H99: INR | I99: 37000 | J99: 12 | K99: 2 | L99: 2 | N99: 80 | O99: 5 | P99: 1 | Q99: No | R99: Hybrid | S99: Day | T99: 5 | U99: 10 | V99: Low
A100: ZOM1407 | B100: Employee_407_India | C100: 27 | E100: Pune | F100: Operations | G100: Senior Analyst | H100: INR | I100: 37000 | J100: 12 | K100: 2 | L100: 1 | N100: 90 | O100: 15 | P100: 5 | Q100: Yes | R100: Hybrid | S100: Day | T100: 5 | U100: 20 | V100: Low
...

Sheet Raw_2
A1: Department | B1: Shift | C1: Training_Hours
A2: Customer Support | B2: Day | C2: 12
A3: Logistics | B3: Night | C3: 13
A4: Operations | B4: Day | C4: 14
A5: Analytics | B5: Day | C5: 25
A6: HR | B6: Day | C6: 10
A7: Finance | B7: Night | C7: 20

Sheet Working
A1: Emp_ID | B1: Emp_Name | C1: Age | D1: Gender | E1: Gender_Final | F1: City | G1: Department | H1: Role | I1: Currency | J1: Currency_Final | K1: Monthly_Salary | L1: Num_Month | M1: Num_Month_Final | N1: Annual_Salary | O1: Exp_Years | P1: Exp_Years_Final | Q1: Performance_Rating | R1: Bonus | S1: Bonus Final | T1: Attendance_% | U1: Leaves_Taken | V1: Projects_Handled | W1: Promotion_Status | X1: Work_Mode | Y1: Work_Mode_Final | Z1: Overtime_Hours | AA1: Overtime_Cost | AB1: Salary_Band | AC1: Emp_Dup_Check | AD1: Row_Concat | AE1: Row_Status | AF1: Row_Number | AG1: Exclusion | AH1: Shift | AI1: Training_Hours
A2: ZOM1328 | B2: Employee_328_India | C2: 44 | D2: F | E2: =IF(OR(Table2[[#This Row],[Gender]]="Male",Table2[[#This Row],[Gender]]="M"),"M", IF(OR(Table2[[#This Row],[Gender]]="Female",Table2[[#This Row],[Gender]]="F"),"F","")) -> F | F2: Bangalore | G2: Customer Support | H2: Director | I2: INR | J2: =IF(ISNUMBER(SEARCH("India",Table2[[#This Row],[Emp_Name]])),"INR", IF(ISNUMBER(SEARCH("Foreign",Table2[[#This Row],[Emp_Name]])),Table2[[#This Row],[Currency]],Table2[[#This Row],[Currency]])) -> INR | K2: 99000 | L2: 12 | M2: =IF(Table2[[#This Row],[Num_Month]]<>12,12,Table2[[#This Row],[Num_Month]]) -> 12 | N2: =IF(Table2[[#This Row],[Monthly_Salary]]="","",Table2[[#This Row],[Monthly_Salary]]*Table2[[#This Row],[Num_Month_Final]]) -> 1188000 | O2: 11 | P2: =IF(Table2[[#This Row],[Exp_Years]]<0,ABS(Table2[[#This Row],[Exp_Years]]),Table2[[#This Row],[Exp_Years]]) -> 11 | Q2: 4 | R2: 59000 | S2: =IF(Table2[[#This Row],[Performance_Rating]]>=3,Table2[[#This Row],[Monthly_Salary]]*0.3,"") -> 29700 | T2: 90 | U2: 15 | V2: 3 | X2: Hybrid | Y2: =IF(Table2[[#This Row],[Work_Mode]]<>"",Table2[[#This Row],[Work_Mode]], IF(ISNUMBER(SEARCH("India",Table2[[#This Row],[Emp_Name]])),"Office", IF(ISNUMBER(SEARCH("Foreign",Table2[[#This Row],[Emp_Name]])),"Remote",""))) -> Hybrid | AA2: =IF(OR(Table2[[#This Row],[Role]]="Intern",Table2[[#This Row],[Role]]="Administrative Assistant",Table2[[#This Row],[Role]]="Analyst"), Table2[[#This Row],[Overtime_Hours]]*250, IF(OR(Table2[[#This Row],[Role]]="Senior Analyst",Table2[[#This Row],[Role]]="Specialist",Table2[[#This Row],[Role]]="Lead Analyst"), Table2[[#This Row],[Overtime_Hours]]*300, IF(OR(Table2[[#This Row],[Role]]="Manager",Table2[[#This Row],[Role]]="Senior Manager"), Table2[[#This Row],[Overtime_Hours]]*350, ""))) | AB2: Medium | AC2: =IF(COUNTIF(Table2[Emp_ID],Table2[[#This Row],[Emp_ID]])>1,"Duplicate","Unique") -> Unique | AD2: =_xlfn.TEXTJOIN("|",TRUE,Table2[[#This Row],[Emp_ID]:[Salary_Band]]) -> ZOM1328|Employee_328_India|44|F|F|Bangalore|Customer Support|Director|INR|INR|99000|12|12|1188000|11|11|4|59000|29700|90|15|3|Hybrid|Hybrid|Medium | AE2: =IF(COUNTIFS(Table2[Emp_ID],Table2[[#This Row],[Emp_ID]],Table2[Row_Concat],Table2[[#This Row],[Row_Concat]])>1,"Exact Duplicate", IF(COUNTIF(Table2[Emp_ID],Table2[[#This Row],[Emp_ID]])>1,"Mismatch","Unique")) -> Unique | AF2: =ROW() -> 2 | AG2: =IF(Table2[[#This Row],[Monthly_Salary]]="","Exclude", IF(Table2[[#This Row],[Row_Status]]="Mismatch","Exclude", IF(AND(Table2[[#This Row],[Row_Status]]="Exact Duplicate", COUNTIFS(Table2[Emp_ID],Table2[[#This Row],[Emp_ID]],Table2[Row_Concat],Table2[[#This Row],[Row_Concat]], Table2[Row_Number],"<"&Table2[[#This Row],[Row_Number]])>=1),"Delete",""))) | AH2: =VLOOKUP(Table2[[#This Row],[Department]],Raw_2!A:B,2,0) -> Day | AI2: =VLOOKUP(Table2[[#This Row],[Department]],Raw_2!A:C,3,0) -> 12
A3: ZOM1042 | B3: Employee_42_India | C3: 24 | D3: F | E3: =IF(OR(Table2[[#This Row],[Gender]]="Male",Table2[[#This Row],[Gender]]="M"),"M", IF(OR(Table2[[#This Row],[Gender]]="Female",Table2[[#This Row],[Gender]]="F"),"F","")) -> F | F3: Bangalore | G3: Logistics | H3: Lead Analyst | I3: INR | J3: =IF(ISNUMBER(SEARCH("India",Table2[[#This Row],[Emp_Name]])),"INR", IF(ISNUMBER(SEARCH("Foreign",Table2[[#This Row],[Emp_Name]])),Table2[[#This Row],[Currency]],Table2[[#This Row],[Currency]])) -> INR | K3: 70500 | L3: 12 | M3: =IF(Table2[[#This Row],[Num_Month]]<>12,12,Table2[[#This Row],[Num_Month]]) -> 12 | N3: =IF(Table2[[#This Row],[Monthly_Salary]]="","",Table2[[#This Row],[Monthly_Salary]]*Table2[[#This Row],[Num_Month_Final]]) -> 846000 | O3: 7 | P3: =IF(Table2[[#This Row],[Exp_Years]]<0,ABS(Table2[[#This Row],[Exp_Years]]),Table2[[#This Row],[Exp_Years]]) -> 7 | Q3: 4 | R3: 10871 | S3: =IF(Table2[[#This Row],[Performance_Rating]]>=3,Table2[[#This Row],[Monthly_Salary]]*0.3,"") -> 21150 | T3: 80 | U3: 5 | V3: 5 | X3: Hybrid | Y3: =IF(Table2[[#This Row],[Work_Mode]]<>"",Table2[[#This Row],[Work_Mode]], IF(ISNUMBER(SEARCH("India",Table2[[#This Row],[Emp_Name]])),"Office", IF(ISNUMBER(SEARCH("Foreign",Table2[[#This Row],[Emp_Name]])),"Remote",""))) -> Hybrid | Z3: 5 | AA3: =IF(OR(Table2[[#This Row],[Role]]="Intern",Table2[[#This Row],[Role]]="Administrative Assistant",Table2[[#This Row],[Role]]="Analyst"), Table2[[#This Row],[Overtime_Hours]]*250, IF(OR(Table2[[#This Row],[Role]]="Senior Analyst",Table2[[#This Row],[Role]]="Specialist",Table2[[#This Row],[Role]]="Lead Analyst"), Table2[[#This Row],[Overtime_Hours]]*300, IF(OR(Table2[[#This Row],[Role]]="Manager",Table2[[#This Row],[Role]]="Senior Manager"), Table2[[#This Row],[Overtime_Hours]]*350, ""))) -> 1500 | AB3: Medium | AC3: =IF(COUNTIF(Table2[Emp_ID],Table2[[#This Row],[Emp_ID]])>1,"Duplicate","Unique") -> Unique | AD3: =_xlfn.TEXTJOIN("|",TRUE,Table2[[#This Row],[Emp_ID]:[Salary_Band]]) -> ZOM1042|Employee_42_India|24|F|F|Bangalore|Logistics|Lead Analyst|INR|INR|70500|12|12|846000|7|7|4|10871|21150|80|5|5|Hybrid|Hybrid|5|1500|Medium | AE3: =IF(COUNTIFS(Table2[Emp_ID],Table2[[#This Row],[Emp_ID]],Table2[Row_Concat],Table2[[#This Row],[Row_Concat]])>1,"Exact Duplicate", IF(COUNTIF(Table2[Emp_ID],Table2[[#This Row],[Emp_ID]])>1,"Mismatch","Unique")) -> Unique | AF3: =ROW() -> 3 | AG3: =IF(Table2[[#This Row],[Monthly_Salary]]="","Exclude", IF(Table2[[#This Row],[Row_Status]]="Mismatch","Exclude", IF(AND(Table2[[#This Row],[Row_Status]]="Exact Duplicate", COUNTIFS(Table2[Emp_ID],Table2[[#This Row],[Emp_ID]],Table2[Row_Concat],Table2[[#This Row],[Row_Concat]], Table2[Row_Number],"<"&Table2[[#This Row],[Row_Number]])>=1),"Delete",""))) | AH3: =VLOOKUP(Table2[[#This Row],[Department]],Raw_2!A:B,2,0) -> Night | AI3: =VLOOKUP(Table2[[#This Row],[Department]],Raw_2!A:C,3,0) -> 13
A4: ZOM1377 | B4: Employee_377_India | C4: 25 | E4: =IF(OR(Table2[[#This Row],[Gender]]="Male",Table2[[#This Row],[Gender]]="M"),"M", IF(OR(Table2[[#This Row],[Gender]]="Female",Table2[[#This Row],[Gender]]="F"),"F","")) | F4: Pune | G4: Operations | H4: Senior Analyst | I4: INR | J4: =IF(ISNUMBER(SEARCH("India",Table2[[#This Row],[Emp_Name]])),"INR", IF(ISNUMBER(SEARCH("Foreign",Table2[[#This Row],[Emp_Name]])),Table2[[#This Row],[Currency]],Table2[[#This Row],[Currency]])) -> INR | K4: 36000 | L4: 12 | M4: =IF(Table2[[#This Row],[Num_Month]]<>12,12,Table2[[#This Row],[Num_Month]]) -> 12 | N4: =IF(Table2[[#This Row],[Monthly_Salary]]="","",Table2[[#This Row],[Monthly_Salary]]*Table2[[#This Row],[Num_Month_Final]]) -> 432000 | O4: 3 | P4: =IF(Table2[[#This Row],[Exp_Years]]<0,ABS(Table2[[#This Row],[Exp_Years]]),Table2[[#This Row],[Exp_Years]]) -> 3 | Q4: 3 | R4: 10000 | S4: =IF(Table2[[#This Row],[Performance_Rating]]>=3,Table2[[#This Row],[Monthly_Salary]]*0.3,"") -> 10800 | T4: 90 | U4: 5 | V4: 1 | W4: No | X4: Hybrid | Y4: =IF(Table2[[#This Row],[Work_Mode]]<>"",Table2[[#This Row],[Work_Mode]], IF(ISNUMBER(SEARCH("India",Table2[[#This Row],[Emp_Name]])),"Office", IF(ISNUMBER(SEARCH("Foreign",Table2[[#This Row],[Emp_Name]])),"Remote",""))) -> Hybrid | Z4: 10 | AA4: =IF(OR(Table2[[#This Row],[Role]]="Intern",Table2[[#This Row],[Role]]="Administrative Assistant",Table2[[#This Row],[Role]]="Analyst"), Table2[[#This Row],[Overtime_Hours]]*250, IF(OR(Table2[[#This Row],[Role]]="Senior Analyst",Table2[[#This Row],[Role]]="Specialist",Table2[[#This Row],[Role]]="Lead Analyst"), Table2[[#This Row],[Overtime_Hours]]*300, IF(OR(Table2[[#This Row],[Role]]="Manager",Table2[[#This Row],[Role]]="Senior Manager"), Table2[[#This Row],[Overtime_Hours]]*350, ""))) -> 3000 | AB4: Medium | AC4: =IF(COUNTIF(Table2[Emp_ID],Table2[[#This Row],[Emp_ID]])>1,"Duplicate","Unique") -> Unique | AD4: =_xlfn.TEXTJOIN("|",TRUE,Table2[[#This Row],[Emp_ID]:[Salary_Band]]) -> ZOM1377|Employee_377_India|25|Pune|Operations|Senior Analyst|INR|INR|36000|12|12|432000|3|3|3|10000|10800|90|5|1|No|Hybrid|Hybrid|10|3000|Medium | AE4: =IF(COUNTIFS(Table2[Emp_ID],Table2[[#This Row],[Emp_ID]],Table2[Row_Concat],Table2[[#This Row],[Row_Concat]])>1,"Exact Duplicate", IF(COUNTIF(Table2[Emp_ID],Table2[[#This Row],[Emp_ID]])>1,"Mismatch","Unique")) -> Unique | AF4: =ROW() -> 4 | AG4: =IF(Table2[[#This Row],[Monthly_Salary]]="","Exclude", IF(Table2[[#This Row],[Row_Status]]="Mismatch","Exclude", IF(AND(Table2[[#This Row],[Row_Status]]="Exact Duplicate", COUNTIFS(Table2[Emp_ID],Table2[[#This Row],[Emp_ID]],Table2[Row_Concat],Table2[[#This Row],[Row_Concat]], Table2[Row_Number],"<"&Table2[[#This Row],[Row_Number]])>=1),"Delete",""))) | AH4: =VLOOKUP(Table2[[#This Row],[Department]],Raw_2!A:B,2,0) -> Day | AI4: =VLOOKUP(Table2[[#This Row],[Department]],Raw_2!A:C,3,0) -> 14
A5: ZOM1076 | B5: Employee_76_India | C5: 27 | D5: M | E5: =IF(OR(Table2[[#This Row],[Gender]]="Male",Table2[[#This Row],[Gender]]="M"),"M", IF(OR(Table2[[#This Row],[Gender]]="Female",Table2[[#This Row],[Gender]]="F"),"F","")) -> M | F5: Gurugram | G5: Logistics | H5: Senior Analyst | I5: INR | J5: =IF(ISNUMBER(SEARCH("India",Table2[[#This Row],[Emp_Name]])),"INR", IF(ISNUMBER(SEARCH("Foreign",Table2[[#This Row],[Emp_Name]])),Table2[[#This Row],[Currency]],Table2[[#This Row],[Currency]])) -> INR | K5: 36000 | L5: 12 | M5: =IF(Table2[[#This Row],[Num_Month]]<>12,12,Table2[[#This Row],[Num_Month]]) -> 12 | N5: =IF(Table2[[#This Row],[Monthly_Salary]]="","",Table2[[#This Row],[Monthly_Salary]]*Table2[[#This Row],[Num_Month_Final]]) -> 432000 | O5: 3 | P5: =IF(Table2[[#This Row],[Exp_Years]]<0,ABS(Table2[[#This Row],[Exp_Years]]),Table2[[#This Row],[Exp_Years]]) -> 3 | Q5: 3 | R5: 8000 | S5: =IF(Table2[[#This Row],[Performance_Rating]]>=3,Table2[[#This Row],[Monthly_Salary]]*0.3,"") -> 10800 | T5: 80 | U5: 5 | V5: 3 | Y5: =IF(Table2[[#This Row],[Work_Mode]]<>"",Table2[[#This Row],[Work_Mode]], IF(ISNUMBER(SEARCH("India",Table2[[#This Row],[Emp_Name]])),"Office", IF(ISNUMBER(SEARCH("Foreign",Table2[[#This Row],[Emp_Name]])),"Remote",""))) -> Office | Z5: 10 | AA5: =IF(OR(Table2[[#This Row],[Role]]="Intern",Table2[[#This Row],[Role]]="Administrative Assistant",Table2[[#This Row],[Role]]="Analyst"), Table2[[#This Row],[Overtime_Hours]]*250, IF(OR(Table2[[#This Row],[Role]]="Senior Analyst",Table2[[#This Row],[Role]]="Specialist",Table2[[#This Row],[Role]]="Lead Analyst"), Table2[[#This Row],[Overtime_Hours]]*300, IF(OR(Table2[[#This Row],[Role]]="Manager",Table2[[#This Row],[Role]]="Senior Manager"), Table2[[#This Row],[Overtime_Hours]]*350, ""))) -> 3000 | AB5: Medium | AC5: =IF(COUNTIF(Table2[Emp_ID],Table2[[#This Row],[Emp_ID]])>1,"Duplicate","Unique") -> Unique | AD5: =_xlfn.TEXTJOIN("|",TRUE,Table2[[#This Row],[Emp_ID]:[Salary_Band]]) -> ZOM1076|Employee_76_India|27|M|M|Gurugram|Logistics|Senior Analyst|INR|INR|36000|12|12|432000|3|3|3|8000|10800|80|5|3|Office|10|3000|Medium | AE5: =IF(COUNTIFS(Table2[Emp_ID],Table2[[#This Row],[Emp_ID]],Table2[Row_Concat],Table2[[#This Row],[Row_Concat]])>1,"Exact Duplicate", IF(COUNTIF(Table2[Emp_ID],Table2[[#This Row],[Emp_ID]])>1,"Mismatch","Unique")) -> Unique | AF5: =ROW() -> 5 | AG5: =IF(Table2[[#This Row],[Monthly_Salary]]="","Exclude", IF(Table2[[#This Row],[Row_Status]]="Mismatch","Exclude", IF(AND(Table2[[#This Row],[Row_Status]]="Exact Duplicate", COUNTIFS(Table2[Emp_ID],Table2[[#This Row],[Emp_ID]],Table2[Row_Concat],Table2[[#This Row],[Row_Concat]], Table2[Row_Number],"<"&Table2[[#This Row],[Row_Number]])>=1),"Delete",""))) | AH5: =VLOOKUP(Table2[[#This Row],[Department]],Raw_2!A:B,2,0) -> Night | AI5: =VLOOKUP(Table2[[#This Row],[Department]],Raw_2!A:C,3,0) -> 13
A6: ZOM1103 | B6: Employee_103_India | C6: 27 | D6: M | E6: =IF(OR(Table2[[#This Row],[Gender]]="Male",Table2[[#This Row],[Gender]]="M"),"M", IF(OR(Table2[[#This Row],[Gender]]="Female",Table2[[#This Row],[Gender]]="F"),"F","")) -> M | F6: Delhi | G6: Logistics | H6: Senior Analyst | I6: INR | J6: =IF(ISNUMBER(SEARCH("India",Table2[[#This Row],[Emp_Name]])),"INR", IF(ISNUMBER(SEARCH("Foreign",Table2[[#This Row],[Emp_Name]])),Table2[[#This Row],[Currency]],Table2[[#This Row],[Currency]])) -> INR | K6: 49000 | L6: 12 | M6: =IF(Table2[[#This Row],[Num_Month]]<>12,12,Table2[[#This Row],[Num_Month]]) -> 12 | N6: =IF(Table2[[#This Row],[Monthly_Salary]]="","",Table2[[#This Row],[Monthly_Salary]]*Table2[[#This Row],[Num_Month_Final]]) -> 588000 | O6: -4 | P6: =IF(Table2[[#This Row],[Exp_Years]]<0,ABS(Table2[[#This Row],[Exp_Years]]),Table2[[#This Row],[Exp_Years]]) -> 4 | Q6: 2 | R6: 23300 | S6: =IF(Table2[[#This Row],[Performance_Rating]]>=3,Table2[[#This Row],[Monthly_Salary]]*0.3,"") | T6: 95 | U6: 5 | V6: 3 | W6: Yes | X6: Hybrid | Y6: =IF(Table2[[#This Row],[Work_Mode]]<>"",Table2[[#This Row],[Work_Mode]], IF(ISNUMBER(SEARCH("India",Table2[[#This Row],[Emp_Name]])),"Office", IF(ISNUMBER(SEARCH("Foreign",Table2[[#This Row],[Emp_Name]])),"Remote",""))) -> Hybrid | Z6: 5 | AA6: =IF(OR(Table2[[#This Row],[Role]]="Intern",Table2[[#This Row],[Role]]="Administrative Assistant",Table2[[#This Row],[Role]]="Analyst"), Table2[[#This Row],[Overtime_Hours]]*250, IF(OR(Table2[[#This Row],[Role]]="Senior Analyst",Table2[[#This Row],[Role]]="Specialist",Table2[[#This Row],[Role]]="Lead Analyst"), Table2[[#This Row],[Overtime_Hours]]*300, IF(OR(Table2[[#This Row],[Role]]="Manager",Table2[[#This Row],[Role]]="Senior Manager"), Table2[[#This Row],[Overtime_Hours]]*350, ""))) -> 1500 | AB6: Low | AC6: =IF(COUNTIF(Table2[Emp_ID],Table2[[#This Row],[Emp_ID]])>1,"Duplicate","Unique") -> Unique | AD6: =_xlfn.TEXTJOIN("|",TRUE,Table2[[#This Row],[Emp_ID]:[Salary_Band]]) -> ZOM1103|Employee_103_India|27|M|M|Delhi|Logistics|Senior Analyst|INR|INR|49000|12|12|588000|-4|4|2|23300|95|5|3|Yes|Hybrid|Hybrid|5|1500|Low | AE6: =IF(COUNTIFS(Table2[Emp_ID],Table2[[#This Row],[Emp_ID]],Table2[Row_Concat],Table2[[#This Row],[Row_Concat]])>1,"Exact Duplicate", IF(COUNTIF(Table2[Emp_ID],Table2[[#This Row],[Emp_ID]])>1,"Mismatch","Unique")) -> Unique | AF6: =ROW() -> 6 | AG6: =IF(Table2[[#This Row],[Monthly_Salary]]="","Exclude", IF(Table2[[#This Row],[Row_Status]]="Mismatch","Exclude", IF(AND(Table2[[#This Row],[Row_Status]]="Exact Duplicate", COUNTIFS(Table2[Emp_ID],Table2[[#This Row],[Emp_ID]],Table2[Row_Concat],Table2[[#This Row],[Row_Concat]], Table2[Row_Number],"<"&Table2[[#This Row],[Row_Number]])>=1),"Delete",""))) | AH6: =VLOOKUP(Table2[[#This Row],[Department]],Raw_2!A:B,2,0) -> Night | AI6: =VLOOKUP(Table2[[#This Row],[Department]],Raw_2!A:C,3,0) -> 13
A7: ZOM1014 | B7: Employee_14_India | C7: 27 | E7: =IF(OR(Table2[[#This Row],[Gender]]="Male",Table2[[#This Row],[Gender]]="M"),"M", IF(OR(Table2[[#This Row],[Gender]]="Female",Table2[[#This Row],[Gender]]="F"),"F","")) | F7: Delhi | G7: Analytics | H7: Senior Analyst | I7: INR | J7: =IF(ISNUMBER(SEARCH("India",Table2[[#This Row],[Emp_Name]])),"INR", IF(ISNUMBER(SEARCH("Foreign",Table2[[#This Row],[Emp_Name]])),Table2[[#This Row],[Currency]],Table2[[#This Row],[Currency]])) -> INR | K7: 51000 | L7: 12 | M7: =IF(Table2[[#This Row],[Num_Month]]<>12,12,Table2[[#This Row],[Num_Month]]) -> 12 | N7: =IF(Table2[[#This Row],[Monthly_Salary]]="","",Table2[[#This Row],[Monthly_Salary]]*Table2[[#This Row],[Num_Month_Final]]) -> 612000 | O7: 4 | P7: =IF(Table2[[#This Row],[Exp_Years]]<0,ABS(Table2[[#This Row],[Exp_Years]]),Table2[[#This Row],[Exp_Years]]) -> 4 | Q7: 3 | R7: 10000 | S7: =IF(Table2[[#This Row],[Performance_Rating]]>=3,Table2[[#This Row],[Monthly_Salary]]*0.3,"") -> 15300 | T7: 88 | U7: 5 | V7: 5 | X7: Hybrid | Y7: =IF(Table2[[#This Row],[Work_Mode]]<>"",Table2[[#This Row],[Work_Mode]], IF(ISNUMBER(SEARCH("India",Table2[[#This Row],[Emp_Name]])),"Office", IF(ISNUMBER(SEARCH("Foreign",Table2[[#This Row],[Emp_Name]])),"Remote",""))) -> Hybrid | AA7: =IF(OR(Table2[[#This Row],[Role]]="Intern",Table2[[#This Row],[Role]]="Administrative Assistant",Table2[[#This Row],[Role]]="Analyst"), Table2[[#This Row],[Overtime_Hours]]*250, IF(OR(Table2[[#This Row],[Role]]="Senior Analyst",Table2[[#This Row],[Role]]="Specialist",Table2[[#This Row],[Role]]="Lead Analyst"), Table2[[#This Row],[Overtime_Hours]]*300, IF(OR(Table2[[#This Row],[Role]]="Manager",Table2[[#This Row],[Role]]="Senior Manager"), Table2[[#This Row],[Overtime_Hours]]*350, ""))) -> 0 | AB7: Medium | AC7: =IF(COUNTIF(Table2[Emp_ID],Table2[[#This Row],[Emp_ID]])>1,"Duplicate","Unique") -> Unique | AD7: =_xlfn.TEXTJOIN("|",TRUE,Table2[[#This Row],[Emp_ID]:[Salary_Band]]) -> ZOM1014|Employee_14_India|27|Delhi|Analytics|Senior Analyst|INR|INR|51000|12|12|612000|4|4|3|10000|15300|88|5|5|Hybrid|Hybrid|0|Medium | AE7: =IF(COUNTIFS(Table2[Emp_ID],Table2[[#This Row],[Emp_ID]],Table2[Row_Concat],Table2[[#This Row],[Row_Concat]])>1,"Exact Duplicate", IF(COUNTIF(Table2[Emp_ID],Table2[[#This Row],[Emp_ID]])>1,"Mismatch","Unique")) -> Unique | AF7: =ROW() -> 7 | AG7: =IF(Table2[[#This Row],[Monthly_Salary]]="","Exclude", IF(Table2[[#This Row],[Row_Status]]="Mismatch","Exclude", IF(AND(Table2[[#This Row],[Row_Status]]="Exact Duplicate", COUNTIFS(Table2[Emp_ID],Table2[[#This Row],[Emp_ID]],Table2[Row_Concat],Table2[[#This Row],[Row_Concat]], Table2[Row_Number],"<"&Table2[[#This Row],[Row_Number]])>=1),"Delete",""))) | AH7: =VLOOKUP(Table2[[#This Row],[Department]],Raw_2!A:B,2,0) -> Day | AI7: =VLOOKUP(Table2[[#This Row],[Department]],Raw_2!A:C,3,0) -> 25
A8: ZOM1333 | B8: Employee_333_India | C8: 26 | D8: F | E8: =IF(OR(Table2[[#This Row],[Gender]]="Male",Table2[[#This Row],[Gender]]="M"),"M", IF(OR(Table2[[#This Row],[Gender]]="Female",Table2[[#This Row],[Gender]]="F"),"F","")) -> F | G8: Operations | H8: Senior Analyst | I8: INR | J8: =IF(ISNUMBER(SEARCH("India",Table2[[#This Row],[Emp_Name]])),"INR", IF(ISNUMBER(SEARCH("Foreign",Table2[[#This Row],[Emp_Name]])),Table2[[#This Row],[Currency]],Table2[[#This Row],[Currency]])) -> INR | K8: 42000 | L8: 12 | M8: =IF(Table2[[#This Row],[Num_Month]]<>12,12,Table2[[#This Row],[Num_Month]]) -> 12 | N8: =IF(Table2[[#This Row],[Monthly_Salary]]="","",Table2[[#This Row],[Monthly_Salary]]*Table2[[#This Row],[Num_Month_Final]]) -> 504000 | O8: 3 | P8: =IF(Table2[[#This Row],[Exp_Years]]<0,ABS(Table2[[#This Row],[Exp_Years]]),Table2[[#This Row],[Exp_Years]]) -> 3 | Q8: 1 | R8: 23400 | S8: =IF(Table2[[#This Row],[Performance_Rating]]>=3,Table2[[#This Row],[Monthly_Salary]]*0.3,"") | T8: 95 | U8: 15 | V8: 5 | W8: No | X8: Hybrid | Y8: =IF(Table2[[#This Row],[Work_Mode]]<>"",Table2[[#This Row],[Work_Mode]], IF(ISNUMBER(SEARCH("India",Table2[[#This Row],[Emp_Name]])),"Office", IF(ISNUMBER(SEARCH("Foreign",Table2[[#This Row],[Emp_Name]])),"Remote",""))) -> Hybrid | Z8: 10 | AA8: =IF(OR(Table2[[#This Row],[Role]]="Intern",Table2[[#This Row],[Role]]="Administrative Assistant",Table2[[#This Row],[Role]]="Analyst"), Table2[[#This Row],[Overtime_Hours]]*250, IF(OR(Table2[[#This Row],[Role]]="Senior Analyst",Table2[[#This Row],[Role]]="Specialist",Table2[[#This Row],[Role]]="Lead Analyst"), Table2[[#This Row],[Overtime_Hours]]*300, IF(OR(Table2[[#This Row],[Role]]="Manager",Table2[[#This Row],[Role]]="Senior Manager"), Table2[[#This Row],[Overtime_Hours]]*350, ""))) -> 3000 | AB8: Low | AC8: =IF(COUNTIF(Table2[Emp_ID],Table2[[#This Row],[Emp_ID]])>1,"Duplicate","Unique") -> Unique | AD8: =_xlfn.TEXTJOIN("|",TRUE,Table2[[#This Row],[Emp_ID]:[Salary_Band]]) -> ZOM1333|Employee_333_India|26|F|F|Operations|Senior Analyst|INR|INR|42000|12|12|504000|3|3|1|23400|95|15|5|No|Hybrid|Hybrid|10|3000|Low | AE8: =IF(COUNTIFS(Table2[Emp_ID],Table2[[#This Row],[Emp_ID]],Table2[Row_Concat],Table2[[#This Row],[Row_Concat]])>1,"Exact Duplicate", IF(COUNTIF(Table2[Emp_ID],Table2[[#This Row],[Emp_ID]])>1,"Mismatch","Unique")) -> Unique | AF8: =ROW() -> 8 | AG8: =IF(Table2[[#This Row],[Monthly_Salary]]="","Exclude", IF(Table2[[#This Row],[Row_Status]]="Mismatch","Exclude", IF(AND(Table2[[#This Row],[Row_Status]]="Exact Duplicate", COUNTIFS(Table2[Emp_ID],Table2[[#This Row],[Emp_ID]],Table2[Row_Concat],Table2[[#This Row],[Row_Concat]], Table2[Row_Number],"<"&Table2[[#This Row],[Row_Number]])>=1),"Delete",""))) | AH8: =VLOOKUP(Table2[[#This Row],[Department]],Raw_2!A:B,2,0) -> Day | AI8: =VLOOKUP(Table2[[#This Row],[Department]],Raw_2!A:C,3,0) -> 14
A9: ZOM1625 | B9: Employee_25_India | C9: 25 | D9: Female | E9: =IF(OR(Table2[[#This Row],[Gender]]="Male",Table2[[#This Row],[Gender]]="M"),"M", IF(OR(Table2[[#This Row],[Gender]]="Female",Table2[[#This Row],[Gender]]="F"),"F","")) -> F | F9: Chennai | G9: Operations | H9: Senior Analyst | I9: USD | J9: =IF(ISNUMBER(SEARCH("India",Table2[[#This Row],[Emp_Name]])),"INR", IF(ISNUMBER(SEARCH("Foreign",Table2[[#This Row],[Emp_Name]])),Table2[[#This Row],[Currency]],Table2[[#This Row],[Currency]])) -> INR | K9: 36000 | L9: 12 | M9: =IF(Table2[[#This Row],[Num_Month]]<>12,12,Table2[[#This Row],[Num_Month]]) -> 12 | N9: =IF(Table2[[#This Row],[Monthly_Salary]]="","",Table2[[#This Row],[Monthly_Salary]]*Table2[[#This Row],[Num_Month_Final]]) -> 432000 | O9: 3 | P9: =IF(Table2[[#This Row],[Exp_Years]]<0,ABS(Table2[[#This Row],[Exp_Years]]),Table2[[#This Row],[Exp_Years]]) -> 3 | Q9: 4 | R9: 15000 | S9: =IF(Table2[[#This Row],[Performance_Rating]]>=3,Table2[[#This Row],[Monthly_Salary]]*0.3,"") -> 10800 | T9: 80 | U9: 7 | V9: 5 | X9: Remote | Y9: =IF(Table2[[#This Row],[Work_Mode]]<>"",Table2[[#This Row],[Work_Mode]], IF(ISNUMBER(SEARCH("India",Table2[[#This Row],[Emp_Name]])),"Office", IF(ISNUMBER(SEARCH("Foreign",Table2[[#This Row],[Emp_Name]])),"Remote",""))) -> Remote | AA9: =IF(OR(Table2[[#This Row],[Role]]="Intern",Table2[[#This Row],[Role]]="Administrative Assistant",Table2[[#This Row],[Role]]="Analyst"), Table2[[#This Row],[Overtime_Hours]]*250, IF(OR(Table2[[#This Row],[Role]]="Senior Analyst",Table2[[#This Row],[Role]]="Specialist",Table2[[#This Row],[Role]]="Lead Analyst"), Table2[[#This Row],[Overtime_Hours]]*300, IF(OR(Table2[[#This Row],[Role]]="Manager",Table2[[#This Row],[Role]]="Senior Manager"), Table2[[#This Row],[Overtime_Hours]]*350, ""))) -> 0 | AB9: High | AC9: =IF(COUNTIF(Table2[Emp_ID],Table2[[#This Row],[Emp_ID]])>1,"Duplicate","Unique") -> Duplicate | AD9: =_xlfn.TEXTJOIN("|",TRUE,Table2[[#This Row],[Emp_ID]:[Salary_Band]]) -> ZOM1625|Employee_25_India|25|Female|F|Chennai|Operations|Senior Analyst|USD|INR|36000|12|12|432000|3|3|4|15000|10800|80|7|5|Remote|Remote|0|High | AE9: =IF(COUNTIFS(Table2[Emp_ID],Table2[[#This Row],[Emp_ID]],Table2[Row_Concat],Table2[[#This Row],[Row_Concat]])>1,"Exact Duplicate", IF(COUNTIF(Table2[Emp_ID],Table2[[#This Row],[Emp_ID]])>1,"Mismatch","Unique")) -> Exact Duplicate | AF9: =ROW() -> 9 | AG9: =IF(Table2[[#This Row],[Monthly_Salary]]="","Exclude", IF(Table2[[#This Row],[Row_Status]]="Mismatch","Exclude", IF(AND(Table2[[#This Row],[Row_Status]]="Exact Duplicate", COUNTIFS(Table2[Emp_ID],Table2[[#This Row],[Emp_ID]],Table2[Row_Concat],Table2[[#This Row],[Row_Concat]], Table2[Row_Number],"<"&Table2[[#This Row],[Row_Number]])>=1),"Delete",""))) | AH9: =VLOOKUP(Table2[[#This Row],[Department]],Raw_2!A:B,2,0) -> Day | AI9: =VLOOKUP(Table2[[#This Row],[Department]],Raw_2!A:C,3,0) -> 14
A10: ZOM1005 | B10: Employee_5_India | C10: 26 | E10: =IF(OR(Table2[[#This Row],[Gender]]="Male",Table2[[#This Row],[Gender]]="M"),"M", IF(OR(Table2[[#This Row],[Gender]]="Female",Table2[[#This Row],[Gender]]="F"),"F","")) | F10: Hyderabad | G10: Operations | H10: Senior Analyst | I10: INR | J10: =IF(ISNUMBER(SEARCH("India",Table2[[#This Row],[Emp_Name]])),"INR", IF(ISNUMBER(SEARCH("Foreign",Table2[[#This Row],[Emp_Name]])),Table2[[#This Row],[Currency]],Table2[[#This Row],[Currency]])) -> INR | K10: 42333 | L10: 12 | M10: =IF(Table2[[#This Row],[Num_Month]]<>12,12,Table2[[#This Row],[Num_Month]]) -> 12 | N10: =IF(Table2[[#This Row],[Monthly_Salary]]="","",Table2[[#This Row],[Monthly_Salary]]*Table2[[#This Row],[Num_Month_Final]]) -> 507996 | O10: 3 | P10: =IF(Table2[[#This Row],[Exp_Years]]<0,ABS(Table2[[#This Row],[Exp_Years]]),Table2[[#This Row],[Exp_Years]]) -> 3 | Q10: 4 | R10: 15000 | S10: =IF(Table2[[#This Row],[Performance_Rating]]>=3,Table2[[#This Row],[Monthly_Salary]]*0.3,"") -> 12699.9 | T10: 85 | U10: 10 | V10: 3 | Y10: =IF(Table2[[#This Row],[Work_Mode]]<>"",Table2[[#This Row],[Work_Mode]], IF(ISNUMBER(SEARCH("India",Table2[[#This Row],[Emp_Name]])),"Office", IF(ISNUMBER(SEARCH("Foreign",Table2[[#This Row],[Emp_Name]])),"Remote",""))) -> Office | Z10: 5 | AA10: =IF(OR(Table2[[#This Row],[Role]]="Intern",Table2[[#This Row],[Role]]="Administrative Assistant",Table2[[#This Row],[Role]]="Analyst"), Table2[[#This Row],[Overtime_Hours]]*250, IF(OR(Table2[[#This Row],[Role]]="Senior Analyst",Table2[[#This Row],[Role]]="Specialist",Table2[[#This Row],[Role]]="Lead Analyst"), Table2[[#This Row],[Overtime_Hours]]*300, IF(OR(Table2[[#This Row],[Role]]="Manager",Table2[[#This Row],[Role]]="Senior Manager"), Table2[[#This Row],[Overtime_Hours]]*350, ""))) -> 1500 | AB10: Medium | AC10: =IF(COUNTIF(Table2[Emp_ID],Table2[[#This Row],[Emp_ID]])>1,"Duplicate","Unique") -> Unique | AD10: =_xlfn.TEXTJOIN("|",TRUE,Table2[[#This Row],[Emp_ID]:[Salary_Band]]) -> ZOM1005|Employee_5_India|26|Hyderabad|Operations|Senior Analyst|INR|INR|42333|12|12|507996|3|3|4|15000|12699.9|85|10|3|Office|5|1500|Medium | AE10: =IF(COUNTIFS(Table2[Emp_ID],Table2[[#This Row],[Emp_ID]],Table2[Row_Concat],Table2[[#This Row],[Row_Concat]])>1,"Exact Duplicate", IF(COUNTIF(Table2[Emp_ID],Table2[[#This Row],[Emp_ID]])>1,"Mismatch","Unique")) -> Unique | AF10: =ROW() -> 10 | AG10: =IF(Table2[[#This Row],[Monthly_Salary]]="","Exclude", IF(Table2[[#This Row],[Row_Status]]="Mismatch","Exclude", IF(AND(Table2[[#This Row],[Row_Status]]="Exact Duplicate", COUNTIFS(Table2[Emp_ID],Table2[[#This Row],[Emp_ID]],Table2[Row_Concat],Table2[[#This Row],[Row_Concat]], Table2[Row_Number],"<"&Table2[[#This Row],[Row_Number]])>=1),"Delete",""))) | AH10: =VLOOKUP(Table2[[#This Row],[Department]],Raw_2!A:B,2,0) -> Day | AI10: =VLOOKUP(Table2[[#This Row],[Department]],Raw_2!A:C,3,0) -> 14
A11: ZOM1570 | B11: Employee_570_India | C11: 26 | D11: F | E11: =IF(OR(Table2[[#This Row],[Gender]]="Male",Table2[[#This Row],[Gender]]="M"),"M", IF(OR(Table2[[#This Row],[Gender]]="Female",Table2[[#This Row],[Gender]]="F"),"F","")) -> F | F11: Mumbai | G11: Logistics | H11: Senior Analyst | I11: INR | J11: =IF(ISNUMBER(SEARCH("India",Table2[[#This Row],[Emp_Name]])),"INR", IF(ISNUMBER(SEARCH("Foreign",Table2[[#This Row],[Emp_Name]])),Table2[[#This Row],[Currency]],Table2[[#This Row],[Currency]])) -> INR | K11: 48000 | L11: 12 | M11: =IF(Table2[[#This Row],[Num_Month]]<>12,12,Table2[[#This Row],[Num_Month]]) -> 12 | N11: =IF(Table2[[#This Row],[Monthly_Salary]]="","",Table2[[#This Row],[Monthly_Salary]]*Table2[[#This Row],[Num_Month_Final]]) -> 576000 | O11: 4 | P11: =IF(Table2[[#This Row],[Exp_Years]]<0,ABS(Table2[[#This Row],[Exp_Years]]),Table2[[#This Row],[Exp_Years]]) -> 4 | Q11: 1 | R11: 24000 | S11: =IF(Table2[[#This Row],[Performance_Rating]]>=3,Table2[[#This Row],[Monthly_Salary]]*0.3,"") | T11: 88 | U11: 7 | V11: 1 | W11: No | X11: Office | Y11: =IF(Table2[[#This Row],[Work_Mode]]<>"",Table2[[#This Row],[Work_Mode]], IF(ISNUMBER(SEARCH("India",Table2[[#This Row],[Emp_Name]])),"Office", IF(ISNUMBER(SEARCH("Foreign",Table2[[#This Row],[Emp_Name]])),"Remote",""))) -> Office | AA11: =IF(OR(Table2[[#This Row],[Role]]="Intern",Table2[[#This Row],[Role]]="Administrative Assistant",Table2[[#This Row],[Role]]="Analyst"), Table2[[#This Row],[Overtime_Hours]]*250, IF(OR(Table2[[#This Row],[Role]]="Senior Analyst",Table2[[#This Row],[Role]]="Specialist",Table2[[#This Row],[Role]]="Lead Analyst"), Table2[[#This Row],[Overtime_Hours]]*300, IF(OR(Table2[[#This Row],[Role]]="Manager",Table2[[#This Row],[Role]]="Senior Manager"), Table2[[#This Row],[Overtime_Hours]]*350, ""))) -> 0 | AB11: Low | AC11: =IF(COUNTIF(Table2[Emp_ID],Table2[[#This Row],[Emp_ID]])>1,"Duplicate","Unique") -> Unique | AD11: =_xlfn.TEXTJOIN("|",TRUE,Table2[[#This Row],[Emp_ID]:[Salary_Band]]) -> ZOM1570|Employee_570_India|26|F|F|Mumbai|Logistics|Senior Analyst|INR|INR|48000|12|12|576000|4|4|1|24000|88|7|1|No|Office|Office|0|Low | AE11: =IF(COUNTIFS(Table2[Emp_ID],Table2[[#This Row],[Emp_ID]],Table2[Row_Concat],Table2[[#This Row],[Row_Concat]])>1,"Exact Duplicate", IF(COUNTIF(Table2[Emp_ID],Table2[[#This Row],[Emp_ID]])>1,"Mismatch","Unique")) -> Unique | AF11: =ROW() -> 11 | AG11: =IF(Table2[[#This Row],[Monthly_Salary]]="","Exclude", IF(Table2[[#This Row],[Row_Status]]="Mismatch","Exclude", IF(AND(Table2[[#This Row],[Row_Status]]="Exact Duplicate", COUNTIFS(Table2[Emp_ID],Table2[[#This Row],[Emp_ID]],Table2[Row_Concat],Table2[[#This Row],[Row_Concat]], Table2[Row_Number],"<"&Table2[[#This Row],[Row_Number]])>=1),"Delete",""))) | AH11: =VLOOKUP(Table2[[#This Row],[Department]],Raw_2!A:B,2,0) -> Night | AI11: =VLOOKUP(Table2[[#This Row],[Department]],Raw_2!A:C,3,0) -> 13
A12: ZOM1142 | B12: Employee_142_India | C12: 26 | D12: F | E12: =IF(OR(Table2[[#This Row],[Gender]]="Male",Table2[[#This Row],[Gender]]="M"),"M", IF(OR(Table2[[#This Row],[Gender]]="Female",Table2[[#This Row],[Gender]]="F"),"F","")) -> F | F12: Kolkata | G12: Customer Support | H12: Senior Analyst | I12: INR | J12: =IF(ISNUMBER(SEARCH("India",Table2[[#This Row],[Emp_Name]])),"INR", IF(ISNUMBER(SEARCH("Foreign",Table2[[#This Row],[Emp_Name]])),Table2[[#This Row],[Currency]],Table2[[#This Row],[Currency]])) -> INR | K12: 48000 | L12: 13 | M12: =IF(Table2[[#This Row],[Num_Month]]<>12,12,Table2[[#This Row],[Num_Month]]) -> 12 | N12: =IF(Table2[[#This Row],[Monthly_Salary]]="","",Table2[[#This Row],[Monthly_Salary]]*Table2[[#This Row],[Num_Month_Final]]) -> 576000 | O12: 4 | P12: =IF(Table2[[#This Row],[Exp_Years]]<0,ABS(Table2[[#This Row],[Exp_Years]]),Table2[[#This Row],[Exp_Years]]) -> 4 | Q12: 4 | R12: 15000 | S12: =IF(Table2[[#This Row],[Performance_Rating]]>=3,Table2[[#This Row],[Monthly_Salary]]*0.3,"") -> 14400 | T12: 90 | U12: 10 | V12: 1 | W12: Yes | X12: Hybrid | Y12: =IF(Table2[[#This Row],[Work_Mode]]<>"",Table2[[#This Row],[Work_Mode]], IF(ISNUMBER(SEARCH("India",Table2[[#This Row],[Emp_Name]])),"Office", IF(ISNUMBER(SEARCH("Foreign",Table2[[#This Row],[Emp_Name]])),"Remote",""))) -> Hybrid | Z12: 5 | AA12: =IF(OR(Table2[[#This Row],[Role]]="Intern",Table2[[#This Row],[Role]]="Administrative Assistant",Table2[[#This Row],[Role]]="Analyst"), Table2[[#This Row],[Overtime_Hours]]*250, IF(OR(Table2[[#This Row],[Role]]="Senior Analyst",Table2[[#This Row],[Role]]="Specialist",Table2[[#This Row],[Role]]="Lead Analyst"), Table2[[#This Row],[Overtime_Hours]]*300, IF(OR(Table2[[#This Row],[Role]]="Manager",Table2[[#This Row],[Role]]="Senior Manager"), Table2[[#This Row],[Overtime_Hours]]*350, ""))) -> 1500 | AB12: Medium | AC12: =IF(COUNTIF(Table2[Emp_ID],Table2[[#This Row],[Emp_ID]])>1,"Duplicate","Unique") -> Unique | AD12: =_xlfn.TEXTJOIN("|",TRUE,Table2[[#This Row],[Emp_ID]:[Salary_Band]]) -> ZOM1142|Employee_142_India|26|F|F|Kolkata|Customer Support|Senior Analyst|INR|INR|48000|13|12|576000|4|4|4|15000|14400|90|10|1|Yes|Hybrid|Hybrid|5|1500|Medium | AE12: =IF(COUNTIFS(Table2[Emp_ID],Table2[[#This Row],[Emp_ID]],Table2[Row_Concat],Table2[[#This Row],[Row_Concat]])>1,"Exact Duplicate", IF(COUNTIF(Table2[Emp_ID],Table2[[#This Row],[Emp_ID]])>1,"Mismatch","Unique")) -> Unique | AF12: =ROW() -> 12 | AG12: =IF(Table2[[#This Row],[Monthly_Salary]]="","Exclude", IF(Table2[[#This Row],[Row_Status]]="Mismatch","Exclude", IF(AND(Table2[[#This Row],[Row_Status]]="Exact Duplicate", COUNTIFS(Table2[Emp_ID],Table2[[#This Row],[Emp_ID]],Table2[Row_Concat],Table2[[#This Row],[Row_Concat]], Table2[Row_Number],"<"&Table2[[#This Row],[Row_Number]])>=1),"Delete",""))) | AH12: =VLOOKUP(Table2[[#This Row],[Department]],Raw_2!A:B,2,0) -> Day | AI12: =VLOOKUP(Table2[[#This Row],[Department]],Raw_2!A:C,3,0) -> 12
A13: ZOM1507 | B13: Employee_507_India | C13: 26 | D13: Female | E13: =IF(OR(Table2[[#This Row],[Gender]]="Male",Table2[[#This Row],[Gender]]="M"),"M", IF(OR(Table2[[#This Row],[Gender]]="Female",Table2[[#This Row],[Gender]]="F"),"F","")) -> F | F13: Noida | G13: Customer Support | H13: Senior Analyst | I13: INR | J13: =IF(ISNUMBER(SEARCH("India",Table2[[#This Row],[Emp_Name]])),"INR", IF(ISNUMBER(SEARCH("Foreign",Table2[[#This Row],[Emp_Name]])),Table2[[#This Row],[Currency]],Table2[[#This Row],[Currency]])) -> INR | K13: 31000 | L13: 12 | M13: =IF(Table2[[#This Row],[Num_Month]]<>12,12,Table2[[#This Row],[Num_Month]]) -> 12 | N13: =IF(Table2[[#This Row],[Monthly_Salary]]="","",Table2[[#This Row],[Monthly_Salary]]*Table2[[#This Row],[Num_Month_Final]]) -> 372000 | O13: 2 | P13: =IF(Table2[[#This Row],[Exp_Years]]<0,ABS(Table2[[#This Row],[Exp_Years]]),Table2[[#This Row],[Exp_Years]]) -> 2 | Q13: 5 | R13: 19000 | S13: =IF(Table2[[#This Row],[Performance_Rating]]>=3,Table2[[#This Row],[Monthly_Salary]]*0.3,"") -> 9300 | T13: 85 | U13: 7 | V13: 5 | X13: Hybrid | Y13: =IF(Table2[[#This Row],[Work_Mode]]<>"",Table2[[#This Row],[Work_Mode]], IF(ISNUMBER(SEARCH("India",Table2[[#This Row],[Emp_Name]])),"Office", IF(ISNUMBER(SEARCH("Foreign",Table2[[#This Row],[Emp_Name]])),"Remote",""))) -> Hybrid | Z13: 20 | AA13: =IF(OR(Table2[[#This Row],[Role]]="Intern",Table2[[#This Row],[Role]]="Administrative Assistant",Table2[[#This Row],[Role]]="Analyst"), Table2[[#This Row],[Overtime_Hours]]*250, IF(OR(Table2[[#This Row],[Role]]="Senior Analyst",Table2[[#This Row],[Role]]="Specialist",Table2[[#This Row],[Role]]="Lead Analyst"), Table2[[#This Row],[Overtime_Hours]]*300, IF(OR(Table2[[#This Row],[Role]]="Manager",Table2[[#This Row],[Role]]="Senior Manager"), Table2[[#This Row],[Overtime_Hours]]*350, ""))) -> 6000 | AB13: High | AC13: =IF(COUNTIF(Table2[Emp_ID],Table2[[#This Row],[Emp_ID]])>1,"Duplicate","Unique") -> Unique | AD13: =_xlfn.TEXTJOIN("|",TRUE,Table2[[#This Row],[Emp_ID]:[Salary_Band]]) -> ZOM1507|Employee_507_India|26|Female|F|Noida|Customer Support|Senior Analyst|INR|INR|31000|12|12|372000|2|2|5|19000|9300|85|7|5|Hybrid|Hybrid|20|6000|High | AE13: =IF(COUNTIFS(Table2[Emp_ID],Table2[[#This Row],[Emp_ID]],Table2[Row_Concat],Table2[[#This Row],[Row_Concat]])>1,"Exact Duplicate", IF(COUNTIF(Table2[Emp_ID],Table2[[#This Row],[Emp_ID]])>1,"Mismatch","Unique")) -> Unique | AF13: =ROW() -> 13 | AG13: =IF(Table2[[#This Row],[Monthly_Salary]]="","Exclude", IF(Table2[[#This Row],[Row_Status]]="Mismatch","Exclude", IF(AND(Table2[[#This Row],[Row_Status]]="Exact Duplicate", COUNTIFS(Table2[Emp_ID],Table2[[#This Row],[Emp_ID]],Table2[Row_Concat],Table2[[#This Row],[Row_Concat]], Table2[Row_Number],"<"&Table2[[#This Row],[Row_Number]])>=1),"Delete",""))) | AH13: =VLOOKUP(Table2[[#This Row],[Department]],Raw_2!A:B,2,0) -> Day | AI13: =VLOOKUP(Table2[[#This Row],[Department]],Raw_2!A:C,3,0) -> 12
A14: ZOM1068 | B14: Employee_68_India | C14: 27 | E14: =IF(OR(Table2[[#This Row],[Gender]]="Male",Table2[[#This Row],[Gender]]="M"),"M", IF(OR(Table2[[#This Row],[Gender]]="Female",Table2[[#This Row],[Gender]]="F"),"F","")) | F14: Indore | G14: Operations | H14: Senior Analyst | I14: INR | J14: =IF(ISNUMBER(SEARCH("India",Table2[[#This Row],[Emp_Name]])),"INR", IF(ISNUMBER(SEARCH("Foreign",Table2[[#This Row],[Emp_Name]])),Table2[[#This Row],[Currency]],Table2[[#This Row],[Currency]])) -> INR | K14: 35000 | L14: 12 | M14: =IF(Table2[[#This Row],[Num_Month]]<>12,12,Table2[[#This Row],[Num_Month]]) -> 12 | N14: =IF(Table2[[#This Row],[Monthly_Salary]]="","",Table2[[#This Row],[Monthly_Salary]]*Table2[[#This Row],[Num_Month_Final]]) -> 420000 | O14: 3 | P14: =IF(Table2[[#This Row],[Exp_Years]]<0,ABS(Table2[[#This Row],[Exp_Years]]),Table2[[#This Row],[Exp_Years]]) -> 3 | Q14: 1 | S14: =IF(Table2[[#This Row],[Performance_Rating]]>=3,Table2[[#This Row],[Monthly_Salary]]*0.3,"") | T14: 90 | U14: 5 | V14: 3 | W14: No | X14: Hybrid | Y14: =IF(Table2[[#This Row],[Work_Mode]]<>"",Table2[[#This Row],[Work_Mode]], IF(ISNUMBER(SEARCH("India",Table2[[#This Row],[Emp_Name]])),"Office", IF(ISNUMBER(SEARCH("Foreign",Table2[[#This Row],[Emp_Name]])),"Remote",""))) -> Hybrid | AA14: =IF(OR(Table2[[#This Row],[Role]]="Intern",Table2[[#This Row],[Role]]="Administrative Assistant",Table2[[#This Row],[Role]]="Analyst"), Table2[[#This Row],[Overtime_Hours]]*250, IF(OR(Table2[[#This Row],[Role]]="Senior Analyst",Table2[[#This Row],[Role]]="Specialist",Table2[[#This Row],[Role]]="Lead Analyst"), Table2[[#This Row],[Overtime_Hours]]*300, IF(OR(Table2[[#This Row],[Role]]="Manager",Table2[[#This Row],[Role]]="Senior Manager"), Table2[[#This Row],[Overtime_Hours]]*350, ""))) -> 0 | AB14: Low | AC14: =IF(COUNTIF(Table2[Emp_ID],Table2[[#This Row],[Emp_ID]])>1,"Duplicate","Unique") -> Unique | AD14: =_xlfn.TEXTJOIN("|",TRUE,Table2[[#This Row],[Emp_ID]:[Salary_Band]]) -> ZOM1068|Employee_68_India|27|Indore|Operations|Senior Analyst|INR|INR|35000|12|12|420000|3|3|1|90|5|3|No|Hybrid|Hybrid|0|Low | AE14: =IF(COUNTIFS(Table2[Emp_ID],Table2[[#This Row],[Emp_ID]],Table2[Row_Concat],Table2[[#This Row],[Row_Concat]])>1,"Exact Duplicate", IF(COUNTIF(Table2[Emp_ID],Table2[[#This Row],[Emp_ID]])>1,"Mismatch","Unique")) -> Unique | AF14: =ROW() -> 14 | AG14: =IF(Table2[[#This Row],[Monthly_Salary]]="","Exclude", IF(Table2[[#This Row],[Row_Status]]="Mismatch","Exclude", IF(AND(Table2[[#This Row],[Row_Status]]="Exact Duplicate", COUNTIFS(Table2[Emp_ID],Table2[[#This Row],[Emp_ID]],Table2[Row_Concat],Table2[[#This Row],[Row_Concat]], Table2[Row_Number],"<"&Table2[[#This Row],[Row_Number]])>=1),"Delete",""))) | AH14: =VLOOKUP(Table2[[#This Row],[Department]],Raw_2!A:B,2,0) -> Day | AI14: =VLOOKUP(Table2[[#This Row],[Department]],Raw_2!A:C,3,0) -> 14
A15: ZOM1372 | B15: Employee_372_India | C15: 25 | D15: F | E15: =IF(OR(Table2[[#This Row],[Gender]]="Male",Table2[[#This Row],[Gender]]="M"),"M", IF(OR(Table2[[#This Row],[Gender]]="Female",Table2[[#This Row],[Gender]]="F"),"F","")) -> F | F15: Kolkata | G15: HR | H15: Senior Analyst | I15: INR | J15: =IF(ISNUMBER(SEARCH("India",Table2[[#This Row],[Emp_Name]])),"INR", IF(ISNUMBER(SEARCH("Foreign",Table2[[#This Row],[Emp_Name]])),Table2[[#This Row],[Currency]],Table2[[#This Row],[Currency]])) -> INR | K15: 38000 | L15: 12 | M15: =IF(Table2[[#This Row],[Num_Month]]<>12,12,Table2[[#This Row],[Num_Month]]) -> 12 | N15: =IF(Table2[[#This Row],[Monthly_Salary]]="","",Table2[[#This Row],[Monthly_Salary]]*Table2[[#This Row],[Num_Month_Final]]) -> 456000 | O15: 3 | P15: =IF(Table2[[#This Row],[Exp_Years]]<0,ABS(Table2[[#This Row],[Exp_Years]]),Table2[[#This Row],[Exp_Years]]) -> 3 | Q15: 5 | R15: 24000 | S15: =IF(Table2[[#This Row],[Performance_Rating]]>=3,Table2[[#This Row],[Monthly_Salary]]*0.3,"") -> 11400 | T15: 90 | U15: 15 | V15: 5 | X15: Hybrid | Y15: =IF(Table2[[#This Row],[Work_Mode]]<>"",Table2[[#This Row],[Work_Mode]], IF(ISNUMBER(SEARCH("India",Table2[[#This Row],[Emp_Name]])),"Office", IF(ISNUMBER(SEARCH("Foreign",Table2[[#This Row],[Emp_Name]])),"Remote",""))) -> Hybrid | AA15: =IF(OR(Table2[[#This Row],[Role]]="Intern",Table2[[#This Row],[Role]]="Administrative Assistant",Table2[[#This Row],[Role]]="Analyst"), Table2[[#This Row],[Overtime_Hours]]*250, IF(OR(Table2[[#This Row],[Role]]="Senior Analyst",Table2[[#This Row],[Role]]="Specialist",Table2[[#This Row],[Role]]="Lead Analyst"), Table2[[#This Row],[Overtime_Hours]]*300, IF(OR(Table2[[#This Row],[Role]]="Manager",Table2[[#This Row],[Role]]="Senior Manager"), Table2[[#This Row],[Overtime_Hours]]*350, ""))) -> 0 | AB15: High | AC15: =IF(COUNTIF(Table2[Emp_ID],Table2[[#This Row],[Emp_ID]])>1,"Duplicate","Unique") -> Unique | AD15: =_xlfn.TEXTJOIN("|",TRUE,Table2[[#This Row],[Emp_ID]:[Salary_Band]]) -> ZOM1372|Employee_372_India|25|F|F|Kolkata|HR|Senior Analyst|INR|INR|38000|12|12|456000|3|3|5|24000|11400|90|15|5|Hybrid|Hybrid|0|High | AE15: =IF(COUNTIFS(Table2[Emp_ID],Table2[[#This Row],[Emp_ID]],Table2[Row_Concat],Table2[[#This Row],[Row_Concat]])>1,"Exact Duplicate", IF(COUNTIF(Table2[Emp_ID],Table2[[#This Row],[Emp_ID]])>1,"Mismatch","Unique")) -> Unique | AF15: =ROW() -> 15 | AG15: =IF(Table2[[#This Row],[Monthly_Salary]]="","Exclude", IF(Table2[[#This Row],[Row_Status]]="Mismatch","Exclude", IF(AND(Table2[[#This Row],[Row_Status]]="Exact Duplicate", COUNTIFS(Table2[Emp_ID],Table2[[#This Row],[Emp_ID]],Table2[Row_Concat],Table2[[#This Row],[Row_Concat]], Table2[Row_Number],"<"&Table2[[#This Row],[Row_Number]])>=1),"Delete",""))) | AH15: =VLOOKUP(Table2[[#This Row],[Department]],Raw_2!A:B,2,0) -> Day | AI15: =VLOOKUP(Table2[[#This Row],[Department]],Raw_2!A:C,3,0) -> 10
A16: ZOM1451 | B16: Employee_451_India | C16: 26 | E16: =IF(OR(Table2[[#This Row],[Gender]]="Male",Table2[[#This Row],[Gender]]="M"),"M", IF(OR(Table2[[#This Row],[Gender]]="Female",Table2[[#This Row],[Gender]]="F"),"F","")) | F16: Gurugram | G16: Analytics | H16: Senior Analyst | I16: INR | J16: =IF(ISNUMBER(SEARCH("India",Table2[[#This Row],[Emp_Name]])),"INR", IF(ISNUMBER(SEARCH("Foreign",Table2[[#This Row],[Emp_Name]])),Table2[[#This Row],[Currency]],Table2[[#This Row],[Currency]])) -> INR | K16: 48000 | L16: 12 | M16: =IF(Table2[[#This Row],[Num_Month]]<>12,12,Table2[[#This Row],[Num_Month]]) -> 12 | N16: =IF(Table2[[#This Row],[Monthly_Salary]]="","",Table2[[#This Row],[Monthly_Salary]]*Table2[[#This Row],[Num_Month_Final]]) -> 576000 | O16: 4 | P16: =IF(Table2[[#This Row],[Exp_Years]]<0,ABS(Table2[[#This Row],[Exp_Years]]),Table2[[#This Row],[Exp_Years]]) -> 4 | Q16: 4 | R16: 15000 | S16: =IF(Table2[[#This Row],[Performance_Rating]]>=3,Table2[[#This Row],[Monthly_Salary]]*0.3,"") -> 14400 | T16: 90 | U16: 15 | V16: 1 | W16: Yes | X16: Hybrid | Y16: =IF(Table2[[#This Row],[Work_Mode]]<>"",Table2[[#This Row],[Work_Mode]], IF(ISNUMBER(SEARCH("India",Table2[[#This Row],[Emp_Name]])),"Office", IF(ISNUMBER(SEARCH("Foreign",Table2[[#This Row],[Emp_Name]])),"Remote",""))) -> Hybrid | Z16: 20 | AA16: =IF(OR(Table2[[#This Row],[Role]]="Intern",Table2[[#This Row],[Role]]="Administrative Assistant",Table2[[#This Row],[Role]]="Analyst"), Table2[[#This Row],[Overtime_Hours]]*250, IF(OR(Table2[[#This Row],[Role]]="Senior Analyst",Table2[[#This Row],[Role]]="Specialist",Table2[[#This Row],[Role]]="Lead Analyst"), Table2[[#This Row],[Overtime_Hours]]*300, IF(OR(Table2[[#This Row],[Role]]="Manager",Table2[[#This Row],[Role]]="Senior Manager"), Table2[[#This Row],[Overtime_Hours]]*350, ""))) -> 6000 | AB16: High | AC16: =IF(COUNTIF(Table2[Emp_ID],Table2[[#This Row],[Emp_ID]])>1,"Duplicate","Unique") -> Unique | AD16: =_xlfn.TEXTJOIN("|",TRUE,Table2[[#This Row],[Emp_ID]:[Salary_Band]]) -> ZOM1451|Employee_451_India|26|Gurugram|Analytics|Senior Analyst|INR|INR|48000|12|12|576000|4|4|4|15000|14400|90|15|1|Yes|Hybrid|Hybrid|20|6000|High | AE16: =IF(COUNTIFS(Table2[Emp_ID],Table2[[#This Row],[Emp_ID]],Table2[Row_Concat],Table2[[#This Row],[Row_Concat]])>1,"Exact Duplicate", IF(COUNTIF(Table2[Emp_ID],Table2[[#This Row],[Emp_ID]])>1,"Mismatch","Unique")) -> Unique | AF16: =ROW() -> 16 | AG16: =IF(Table2[[#This Row],[Monthly_Salary]]="","Exclude", IF(Table2[[#This Row],[Row_Status]]="Mismatch","Exclude", IF(AND(Table2[[#This Row],[Row_Status]]="Exact Duplicate", COUNTIFS(Table2[Emp_ID],Table2[[#This Row],[Emp_ID]],Table2[Row_Concat],Table2[[#This Row],[Row_Concat]], Table2[Row_Number],"<"&Table2[[#This Row],[Row_Number]])>=1),"Delete",""))) | AH16: =VLOOKUP(Table2[[#This Row],[Department]],Raw_2!A:B,2,0) -> Day | AI16: =VLOOKUP(Table2[[#This Row],[Department]],Raw_2!A:C,3,0) -> 25
A17: ZOM1206 | B17: Employee_206_India | C17: 45 | D17: Female | E17: =IF(OR(Table2[[#This Row],[Gender]]="Male",Table2[[#This Row],[Gender]]="M"),"M", IF(OR(Table2[[#This Row],[Gender]]="Female",Table2[[#This Row],[Gender]]="F"),"F","")) -> F | F17: Bangalore | G17: Analytics | H17: Director | I17: USD | J17: =IF(ISNUMBER(SEARCH("India",Table2[[#This Row],[Emp_Name]])),"INR", IF(ISNUMBER(SEARCH("Foreign",Table2[[#This Row],[Emp_Name]])),Table2[[#This Row],[Currency]],Table2[[#This Row],[Currency]])) -> INR | K17: 110000 | L17: 12 | M17: =IF(Table2[[#This Row],[Num_Month]]<>12,12,Table2[[#This Row],[Num_Month]]) -> 12 | N17: =IF(Table2[[#This Row],[Monthly_Salary]]="","",Table2[[#This Row],[Monthly_Salary]]*Table2[[#This Row],[Num_Month_Final]]) -> 1320000 | O17: 10 | P17: =IF(Table2[[#This Row],[Exp_Years]]<0,ABS(Table2[[#This Row],[Exp_Years]]),Table2[[#This Row],[Exp_Years]]) -> 10 | Q17: 2 | S17: =IF(Table2[[#This Row],[Performance_Rating]]>=3,Table2[[#This Row],[Monthly_Salary]]*0.3,"") | T17: 88 | U17: 7 | V17: 5 | W17: Yes | X17: Office | Y17: =IF(Table2[[#This Row],[Work_Mode]]<>"",Table2[[#This Row],[Work_Mode]], IF(ISNUMBER(SEARCH("India",Table2[[#This Row],[Emp_Name]])),"Office", IF(ISNUMBER(SEARCH("Foreign",Table2[[#This Row],[Emp_Name]])),"Remote",""))) -> Office | AA17: =IF(OR(Table2[[#This Row],[Role]]="Intern",Table2[[#This Row],[Role]]="Administrative Assistant",Table2[[#This Row],[Role]]="Analyst"), Table2[[#This Row],[Overtime_Hours]]*250, IF(OR(Table2[[#This Row],[Role]]="Senior Analyst",Table2[[#This Row],[Role]]="Specialist",Table2[[#This Row],[Role]]="Lead Analyst"), Table2[[#This Row],[Overtime_Hours]]*300, IF(OR(Table2[[#This Row],[Role]]="Manager",Table2[[#This Row],[Role]]="Senior Manager"), Table2[[#This Row],[Overtime_Hours]]*350, ""))) | AB17: Low | AC17: =IF(COUNTIF(Table2[Emp_ID],Table2[[#This Row],[Emp_ID]])>1,"Duplicate","Unique") -> Unique | AD17: =_xlfn.TEXTJOIN("|",TRUE,Table2[[#This Row],[Emp_ID]:[Salary_Band]]) -> ZOM1206|Employee_206_India|45|Female|F|Bangalore|Analytics|Director|USD|INR|110000|12|12|1320000|10|10|2|88|7|5|Yes|Office|Office|Low | AE17: =IF(COUNTIFS(Table2[Emp_ID],Table2[[#This Row],[Emp_ID]],Table2[Row_Concat],Table2[[#This Row],[Row_Concat]])>1,"Exact Duplicate", IF(COUNTIF(Table2[Emp_ID],Table2[[#This Row],[Emp_ID]])>1,"Mismatch","Unique")) -> Unique | AF17: =ROW() -> 17 | AG17: =IF(Table2[[#This Row],[Monthly_Salary]]="","Exclude", IF(Table2[[#This Row],[Row_Status]]="Mismatch","Exclude", IF(AND(Table2[[#This Row],[Row_Status]]="Exact Duplicate", COUNTIFS(Table2[Emp_ID],Table2[[#This Row],[Emp_ID]],Table2[Row_Concat],Table2[[#This Row],[Row_Concat]], Table2[Row_Number],"<"&Table2[[#This Row],[Row_Number]])>=1),"Delete",""))) | AH17: =VLOOKUP(Table2[[#This Row],[Department]],Raw_2!A:B,2,0) -> Day | AI17: =VLOOKUP(Table2[[#This Row],[Department]],Raw_2!A:C,3,0) -> 25
A18: ZOM1318 | B18: Employee_318_India | C18: 45 | D18: F | E18: =IF(OR(Table2[[#This Row],[Gender]]="Male",Table2[[#This Row],[Gender]]="M"),"M", IF(OR(Table2[[#This Row],[Gender]]="Female",Table2[[#This Row],[Gender]]="F"),"F","")) -> F | F18: Chennai | G18: Finance | H18: Director | I18: INR | J18: =IF(ISNUMBER(SEARCH("India",Table2[[#This Row],[Emp_Name]])),"INR", IF(ISNUMBER(SEARCH("Foreign",Table2[[#This Row],[Emp_Name]])),Table2[[#This Row],[Currency]],Table2[[#This Row],[Currency]])) -> INR | K18: 120000 | L18: 12 | M18: =IF(Table2[[#This Row],[Num_Month]]<>12,12,Table2[[#This Row],[Num_Month]]) -> 12 | N18: =IF(Table2[[#This Row],[Monthly_Salary]]="","",Table2[[#This Row],[Monthly_Salary]]*Table2[[#This Row],[Num_Month_Final]]) -> 1440000 | O18: 12 | P18: =IF(Table2[[#This Row],[Exp_Years]]<0,ABS(Table2[[#This Row],[Exp_Years]]),Table2[[#This Row],[Exp_Years]]) -> 12 | Q18: 2 | S18: =IF(Table2[[#This Row],[Performance_Rating]]>=3,Table2[[#This Row],[Monthly_Salary]]*0.3,"") | T18: 80 | U18: 5 | V18: 3 | X18: Hybrid | Y18: =IF(Table2[[#This Row],[Work_Mode]]<>"",Table2[[#This Row],[Work_Mode]], IF(ISNUMBER(SEARCH("India",Table2[[#This Row],[Emp_Name]])),"Office", IF(ISNUMBER(SEARCH("Foreign",Table2[[#This Row],[Emp_Name]])),"Remote",""))) -> Hybrid | AA18: =IF(OR(Table2[[#This Row],[Role]]="Intern",Table2[[#This Row],[Role]]="Administrative Assistant",Table2[[#This Row],[Role]]="Analyst"), Table2[[#This Row],[Overtime_Hours]]*250, IF(OR(Table2[[#This Row],[Role]]="Senior Analyst",Table2[[#This Row],[Role]]="Specialist",Table2[[#This Row],[Role]]="Lead Analyst"), Table2[[#This Row],[Overtime_Hours]]*300, IF(OR(Table2[[#This Row],[Role]]="Manager",Table2[[#This Row],[Role]]="Senior Manager"), Table2[[#This Row],[Overtime_Hours]]*350, ""))) | AB18: Low | AC18: =IF(COUNTIF(Table2[Emp_ID],Table2[[#This Row],[Emp_ID]])>1,"Duplicate","Unique") -> Unique | AD18: =_xlfn.TEXTJOIN("|",TRUE,Table2[[#This Row],[Emp_ID]:[Salary_Band]]) -> ZOM1318|Employee_318_India|45|F|F|Chennai|Finance|Director|INR|INR|120000|12|12|1440000|12|12|2|80|5|3|Hybrid|Hybrid|Low | AE18: =IF(COUNTIFS(Table2[Emp_ID],Table2[[#This Row],[Emp_ID]],Table2[Row_Concat],Table2[[#This Row],[Row_Concat]])>1,"Exact Duplicate", IF(COUNTIF(Table2[Emp_ID],Table2[[#This Row],[Emp_ID]])>1,"Mismatch","Unique")) -> Unique | AF18: =ROW() -> 18 | AG18: =IF(Table2[[#This Row],[Monthly_Salary]]="","Exclude", IF(Table2[[#This Row],[Row_Status]]="Mismatch","Exclude", IF(AND(Table2[[#This Row],[Row_Status]]="Exact Duplicate", COUNTIFS(Table2[Emp_ID],Table2[[#This Row],[Emp_ID]],Table2[Row_Concat],Table2[[#This Row],[Row_Concat]], Table2[Row_Number],"<"&Table2[[#This Row],[Row_Number]])>=1),"Delete",""))) | AH18: =VLOOKUP(Table2[[#This Row],[Department]],Raw_2!A:B,2,0) -> Night | AI18: =VLOOKUP(Table2[[#This Row],[Department]],Raw_2!A:C,3,0) -> 20
A19: ZOM1212 | B19: Employee_212_India | C19: 37 | D19: F | E19: =IF(OR(Table2[[#This Row],[Gender]]="Male",Table2[[#This Row],[Gender]]="M"),"M", IF(OR(Table2[[#This Row],[Gender]]="Female",Table2[[#This Row],[Gender]]="F"),"F","")) -> F | F19: Gurugram | G19: Analytics | H19: Senior Manager | I19: INR | J19: =IF(ISNUMBER(SEARCH("India",Table2[[#This Row],[Emp_Name]])),"INR", IF(ISNUMBER(SEARCH("Foreign",Table2[[#This Row],[Emp_Name]])),Table2[[#This Row],[Currency]],Table2[[#This Row],[Currency]])) -> INR | K19: 90000 | L19: 12 | M19: =IF(Table2[[#This Row],[Num_Month]]<>12,12,Table2[[#This Row],[Num_Month]]) -> 12 | N19: =IF(Table2[[#This Row],[Monthly_Salary]]="","",Table2[[#This Row],[Monthly_Salary]]*Table2[[#This Row],[Num_Month_Final]]) -> 1080000 | O19: 12 | P19: =IF(Table2[[#This Row],[Exp_Years]]<0,ABS(Table2[[#This Row],[Exp_Years]]),Table2[[#This Row],[Exp_Years]]) -> 12 | Q19: 4 | R19: 47000 | S19: =IF(Table2[[#This Row],[Performance_Rating]]>=3,Table2[[#This Row],[Monthly_Salary]]*0.3,"") -> 27000 | T19: 85 | U19: 7 | V19: 3 | W19: Yes | X19: Hybrid | Y19: =IF(Table2[[#This Row],[Work_Mode]]<>"",Table2[[#This Row],[Work_Mode]], IF(ISNUMBER(SEARCH("India",Table2[[#This Row],[Emp_Name]])),"Office", IF(ISNUMBER(SEARCH("Foreign",Table2[[#This Row],[Emp_Name]])),"Remote",""))) -> Hybrid | Z19: 5 | AA19: =IF(OR(Table2[[#This Row],[Role]]="Intern",Table2[[#This Row],[Role]]="Administrative Assistant",Table2[[#This Row],[Role]]="Analyst"), Table2[[#This Row],[Overtime_Hours]]*250, IF(OR(Table2[[#This Row],[Role]]="Senior Analyst",Table2[[#This Row],[Role]]="Specialist",Table2[[#This Row],[Role]]="Lead Analyst"), Table2[[#This Row],[Overtime_Hours]]*300, IF(OR(Table2[[#This Row],[Role]]="Manager",Table2[[#This Row],[Role]]="Senior Manager"), Table2[[#This Row],[Overtime_Hours]]*350, ""))) -> 1750 | AB19: High | AC19: =IF(COUNTIF(Table2[Emp_ID],Table2[[#This Row],[Emp_ID]])>1,"Duplicate","Unique") -> Unique | AD19: =_xlfn.TEXTJOIN("|",TRUE,Table2[[#This Row],[Emp_ID]:[Salary_Band]]) -> ZOM1212|Employee_212_India|37|F|F|Gurugram|Analytics|Senior Manager|INR|INR|90000|12|12|1080000|12|12|4|47000|27000|85|7|3|Yes|Hybrid|Hybrid|5|1750|High | AE19: =IF(COUNTIFS(Table2[Emp_ID],Table2[[#This Row],[Emp_ID]],Table2[Row_Concat],Table2[[#This Row],[Row_Concat]])>1,"Exact Duplicate", IF(COUNTIF(Table2[Emp_ID],Table2[[#This Row],[Emp_ID]])>1,"Mismatch","Unique")) -> Unique | AF19: =ROW() -> 19 | AG19: =IF(Table2[[#This Row],[Monthly_Salary]]="","Exclude", IF(Table2[[#This Row],[Row_Status]]="Mismatch","Exclude", IF(AND(Table2[[#This Row],[Row_Status]]="Exact Duplicate", COUNTIFS(Table2[Emp_ID],Table2[[#This Row],[Emp_ID]],Table2[Row_Concat],Table2[[#This Row],[Row_Concat]], Table2[Row_Number],"<"&Table2[[#This Row],[Row_Number]])>=1),"Delete",""))) | AH19: =VLOOKUP(Table2[[#This Row],[Department]],Raw_2!A:B,2,0) -> Day | AI19: =VLOOKUP(Table2[[#This Row],[Department]],Raw_2!A:C,3,0) -> 25
A20: ZOM1255 | B20: Employee_255_India | C20: 41 | D20: F | E20: =IF(OR(Table2[[#This Row],[Gender]]="Male",Table2[[#This Row],[Gender]]="M"),"M", IF(OR(Table2[[#This Row],[Gender]]="Female",Table2[[#This Row],[Gender]]="F"),"F","")) -> F | F20: Indore | G20: Finance | H20: Director | I20: INR | J20: =IF(ISNUMBER(SEARCH("India",Table2[[#This Row],[Emp_Name]])),"INR", IF(ISNUMBER(SEARCH("Foreign",Table2[[#This Row],[Emp_Name]])),Table2[[#This Row],[Currency]],Table2[[#This Row],[Currency]])) -> INR | K20: 123000 | L20: 12 | M20: =IF(Table2[[#This Row],[Num_Month]]<>12,12,Table2[[#This Row],[Num_Month]]) -> 12 | N20: =IF(Table2[[#This Row],[Monthly_Salary]]="","",Table2[[#This Row],[Monthly_Salary]]*Table2[[#This Row],[Num_Month_Final]]) -> 1476000 | O20: 13 | P20: =IF(Table2[[#This Row],[Exp_Years]]<0,ABS(Table2[[#This Row],[Exp_Years]]),Table2[[#This Row],[Exp_Years]]) -> 13 | Q20: 3 | R20: 54000 | S20: =IF(Table2[[#This Row],[Performance_Rating]]>=3,Table2[[#This Row],[Monthly_Salary]]*0.3,"") -> 36900 | T20: 95 | U20: 15 | V20: 2 | W20: Yes | X20: Office | Y20: =IF(Table2[[#This Row],[Work_Mode]]<>"",Table2[[#This Row],[Work_Mode]], IF(ISNUMBER(SEARCH("India",Table2[[#This Row],[Emp_Name]])),"Office", IF(ISNUMBER(SEARCH("Foreign",Table2[[#This Row],[Emp_Name]])),"Remote",""))) -> Office | Z20: 10 | AA20: =IF(OR(Table2[[#This Row],[Role]]="Intern",Table2[[#This Row],[Role]]="Administrative Assistant",Table2[[#This Row],[Role]]="Analyst"), Table2[[#This Row],[Overtime_Hours]]*250, IF(OR(Table2[[#This Row],[Role]]="Senior Analyst",Table2[[#This Row],[Role]]="Specialist",Table2[[#This Row],[Role]]="Lead Analyst"), Table2[[#This Row],[Overtime_Hours]]*300, IF(OR(Table2[[#This Row],[Role]]="Manager",Table2[[#This Row],[Role]]="Senior Manager"), Table2[[#This Row],[Overtime_Hours]]*350, ""))) | AB20: Medium | AC20: =IF(COUNTIF(Table2[Emp_ID],Table2[[#This Row],[Emp_ID]])>1,"Duplicate","Unique") -> Unique | AD20: =_xlfn.TEXTJOIN("|",TRUE,Table2[[#This Row],[Emp_ID]:[Salary_Band]]) -> ZOM1255|Employee_255_India|41|F|F|Indore|Finance|Director|INR|INR|123000|12|12|1476000|13|13|3|54000|36900|95|15|2|Yes|Office|Office|10|Medium | AE20: =IF(COUNTIFS(Table2[Emp_ID],Table2[[#This Row],[Emp_ID]],Table2[Row_Concat],Table2[[#This Row],[Row_Concat]])>1,"Exact Duplicate", IF(COUNTIF(Table2[Emp_ID],Table2[[#This Row],[Emp_ID]])>1,"Mismatch","Unique")) -> Unique | AF20: =ROW() -> 20 | AG20: =IF(Table2[[#This Row],[Monthly_Salary]]="","Exclude", IF(Table2[[#This Row],[Row_Status]]="Mismatch","Exclude", IF(AND(Table2[[#This Row],[Row_Status]]="Exact Duplicate", COUNTIFS(Table2[Emp_ID],Table2[[#This Row],[Emp_ID]],Table2[Row_Concat],Table2[[#This Row],[Row_Concat]], Table2[Row_Number],"<"&Table2[[#This Row],[Row_Number]])>=1),"Delete",""))) | AH20: =VLOOKUP(Table2[[#This Row],[Department]],Raw_2!A:B,2,0) -> Night | AI20: =VLOOKUP(Table2[[#This Row],[Department]],Raw_2!A:C,3,0) -> 20
A21: ZOM1390 | B21: Employee_390_India | C21: 26 | D21: Female | E21: =IF(OR(Table2[[#This Row],[Gender]]="Male",Table2[[#This Row],[Gender]]="M"),"M", IF(OR(Table2[[#This Row],[Gender]]="Female",Table2[[#This Row],[Gender]]="F"),"F","")) -> F | G21: Operations | H21: Senior Analyst | I21: INR | J21: =IF(ISNUMBER(SEARCH("India",Table2[[#This Row],[Emp_Name]])),"INR", IF(ISNUMBER(SEARCH("Foreign",Table2[[#This Row],[Emp_Name]])),Table2[[#This Row],[Currency]],Table2[[#This Row],[Currency]])) -> INR | K21: 48000 | L21: 12 | M21: =IF(Table2[[#This Row],[Num_Month]]<>12,12,Table2[[#This Row],[Num_Month]]) -> 12 | N21: =IF(Table2[[#This Row],[Monthly_Salary]]="","",Table2[[#This Row],[Monthly_Salary]]*Table2[[#This Row],[Num_Month_Final]]) -> 576000 | O21: 4 | P21: =IF(Table2[[#This Row],[Exp_Years]]<0,ABS(Table2[[#This Row],[Exp_Years]]),Table2[[#This Row],[Exp_Years]]) -> 4 | Q21: 1 | S21: =IF(Table2[[#This Row],[Performance_Rating]]>=3,Table2[[#This Row],[Monthly_Salary]]*0.3,"") | T21: 88 | U21: 15 | V21: 2 | X21: Hybrid | Y21: =IF(Table2[[#This Row],[Work_Mode]]<>"",Table2[[#This Row],[Work_Mode]], IF(ISNUMBER(SEARCH("India",Table2[[#This Row],[Emp_Name]])),"Office", IF(ISNUMBER(SEARCH("Foreign",Table2[[#This Row],[Emp_Name]])),"Remote",""))) -> Hybrid | Z21: 20 | AA21: =IF(OR(Table2[[#This Row],[Role]]="Intern",Table2[[#This Row],[Role]]="Administrative Assistant",Table2[[#This Row],[Role]]="Analyst"), Table2[[#This Row],[Overtime_Hours]]*250, IF(OR(Table2[[#This Row],[Role]]="Senior Analyst",Table2[[#This Row],[Role]]="Specialist",Table2[[#This Row],[Role]]="Lead Analyst"), Table2[[#This Row],[Overtime_Hours]]*300, IF(OR(Table2[[#This Row],[Role]]="Manager",Table2[[#This Row],[Role]]="Senior Manager"), Table2[[#This Row],[Overtime_Hours]]*350, ""))) -> 6000 | AB21: Low | AC21: =IF(COUNTIF(Table2[Emp_ID],Table2[[#This Row],[Emp_ID]])>1,"Duplicate","Unique") -> Unique | AD21: =_xlfn.TEXTJOIN("|",TRUE,Table2[[#This Row],[Emp_ID]:[Salary_Band]]) -> ZOM1390|Employee_390_India|26|Female|F|Operations|Senior Analyst|INR|INR|48000|12|12|576000|4|4|1|88|15|2|Hybrid|Hybrid|20|6000|Low | AE21: =IF(COUNTIFS(Table2[Emp_ID],Table2[[#This Row],[Emp_ID]],Table2[Row_Concat],Table2[[#This Row],[Row_Concat]])>1,"Exact Duplicate", IF(COUNTIF(Table2[Emp_ID],Table2[[#This Row],[Emp_ID]])>1,"Mismatch","Unique")) -> Unique | AF21: =ROW() -> 21 | AG21: =IF(Table2[[#This Row],[Monthly_Salary]]="","Exclude", IF(Table2[[#This Row],[Row_Status]]="Mismatch","Exclude", IF(AND(Table2[[#This Row],[Row_Status]]="Exact Duplicate", COUNTIFS(Table2[Emp_ID],Table2[[#This Row],[Emp_ID]],Table2[Row_Concat],Table2[[#This Row],[Row_Concat]], Table2[Row_Number],"<"&Table2[[#This Row],[Row_Number]])>=1),"Delete",""))) | AH21: =VLOOKUP(Table2[[#This Row],[Department]],Raw_2!A:B,2,0) -> Day | AI21: =VLOOKUP(Table2[[#This Row],[Department]],Raw_2!A:C,3,0) -> 14
A22: ZOM1234 | B22: Employee_234_India | C22: 26 | D22: Female | E22: =IF(OR(Table2[[#This Row],[Gender]]="Male",Table2[[#This Row],[Gender]]="M"),"M", IF(OR(Table2[[#This Row],[Gender]]="Female",Table2[[#This Row],[Gender]]="F"),"F","")) -> F | F22: Hyderabad | G22: Analytics | H22: Senior Analyst | I22: INR | J22: =IF(ISNUMBER(SEARCH("India",Table2[[#This Row],[Emp_Name]])),"INR", IF(ISNUMBER(SEARCH("Foreign",Table2[[#This Row],[Emp_Name]])),Table2[[#This Row],[Currency]],Table2[[#This Row],[Currency]])) -> INR | K22: 32000 | L22: 15 | M22: =IF(Table2[[#This Row],[Num_Month]]<>12,12,Table2[[#This Row],[Num_Month]]) -> 12 | N22: =IF(Table2[[#This Row],[Monthly_Salary]]="","",Table2[[#This Row],[Monthly_Salary]]*Table2[[#This Row],[Num_Month_Final]]) -> 384000 | O22: 2 | P22: =IF(Table2[[#This Row],[Exp_Years]]<0,ABS(Table2[[#This Row],[Exp_Years]]),Table2[[#This Row],[Exp_Years]]) -> 2 | Q22: 4 | R22: 15000 | S22: =IF(Table2[[#This Row],[Performance_Rating]]>=3,Table2[[#This Row],[Monthly_Salary]]*0.3,"") -> 9600 | T22: 88 | U22: 10 | V22: 5 | X22: Office | Y22: =IF(Table2[[#This Row],[Work_Mode]]<>"",Table2[[#This Row],[Work_Mode]], IF(ISNUMBER(SEARCH("India",Table2[[#This Row],[Emp_Name]])),"Office", IF(ISNUMBER(SEARCH("Foreign",Table2[[#This Row],[Emp_Name]])),"Remote",""))) -> Office | AA22: =IF(OR(Table2[[#This Row],[Role]]="Intern",Table2[[#This Row],[Role]]="Administrative Assistant",Table2[[#This Row],[Role]]="Analyst"), Table2[[#This Row],[Overtime_Hours]]*250, IF(OR(Table2[[#This Row],[Role]]="Senior Analyst",Table2[[#This Row],[Role]]="Specialist",Table2[[#This Row],[Role]]="Lead Analyst"), Table2[[#This Row],[Overtime_Hours]]*300, IF(OR(Table2[[#This Row],[Role]]="Manager",Table2[[#This Row],[Role]]="Senior Manager"), Table2[[#This Row],[Overtime_Hours]]*350, ""))) -> 0 | AB22: Medium | AC22: =IF(COUNTIF(Table2[Emp_ID],Table2[[#This Row],[Emp_ID]])>1,"Duplicate","Unique") -> Unique | AD22: =_xlfn.TEXTJOIN("|",TRUE,Table2[[#This Row],[Emp_ID]:[Salary_Band]]) -> ZOM1234|Employee_234_India|26|Female|F|Hyderabad|Analytics|Senior Analyst|INR|INR|32000|15|12|384000|2|2|4|15000|9600|88|10|5|Office|Office|0|Medium | AE22: =IF(COUNTIFS(Table2[Emp_ID],Table2[[#This Row],[Emp_ID]],Table2[Row_Concat],Table2[[#This Row],[Row_Concat]])>1,"Exact Duplicate", IF(COUNTIF(Table2[Emp_ID],Table2[[#This Row],[Emp_ID]])>1,"Mismatch","Unique")) -> Unique | AF22: =ROW() -> 22 | AG22: =IF(Table2[[#This Row],[Monthly_Salary]]="","Exclude", IF(Table2[[#This Row],[Row_Status]]="Mismatch","Exclude", IF(AND(Table2[[#This Row],[Row_Status]]="Exact Duplicate", COUNTIFS(Table2[Emp_ID],Table2[[#This Row],[Emp_ID]],Table2[Row_Concat],Table2[[#This Row],[Row_Concat]], Table2[Row_Number],"<"&Table2[[#This Row],[Row_Number]])>=1),"Delete",""))) | AH22: =VLOOKUP(Table2[[#This Row],[Department]],Raw_2!A:B,2,0) -> Day | AI22: =VLOOKUP(Table2[[#This Row],[Department]],Raw_2!A:C,3,0) -> 25
A23: ZOM1385 | B23: Employee_385_India | C23: 34 | D23: Male | E23: =IF(OR(Table2[[#This Row],[Gender]]="Male",Table2[[#This Row],[Gender]]="M"),"M", IF(OR(Table2[[#This Row],[Gender]]="Female",Table2[[#This Row],[Gender]]="F"),"F","")) -> M | F23: Hyderabad | G23: Logistics | H23: Manager | I23: INR | J23: =IF(ISNUMBER(SEARCH("India",Table2[[#This Row],[Emp_Name]])),"INR", IF(ISNUMBER(SEARCH("Foreign",Table2[[#This Row],[Emp_Name]])),Table2[[#This Row],[Currency]],Table2[[#This Row],[Currency]])) -> INR | K23: 79000 | L23: 12 | M23: =IF(Table2[[#This Row],[Num_Month]]<>12,12,Table2[[#This Row],[Num_Month]]) -> 12 | N23: =IF(Table2[[#This Row],[Monthly_Salary]]="","",Table2[[#This Row],[Monthly_Salary]]*Table2[[#This Row],[Num_Month_Final]]) -> 948000 | O23: 6 | P23: =IF(Table2[[#This Row],[Exp_Years]]<0,ABS(Table2[[#This Row],[Exp_Years]]),Table2[[#This Row],[Exp_Years]]) -> 6 | Q23: 5 | R23: 32000 | S23: =IF(Table2[[#This Row],[Performance_Rating]]>=3,Table2[[#This Row],[Monthly_Salary]]*0.3,"") -> 23700 | T23: 85 | U23: 10 | V23: 3 | W23: Yes | X23: Hybrid | Y23: =IF(Table2[[#This Row],[Work_Mode]]<>"",Table2[[#This Row],[Work_Mode]], IF(ISNUMBER(SEARCH("India",Table2[[#This Row],[Emp_Name]])),"Office", IF(ISNUMBER(SEARCH("Foreign",Table2[[#This Row],[Emp_Name]])),"Remote",""))) -> Hybrid | Z23: 10 | AA23: =IF(OR(Table2[[#This Row],[Role]]="Intern",Table2[[#This Row],[Role]]="Administrative Assistant",Table2[[#This Row],[Role]]="Analyst"), Table2[[#This Row],[Overtime_Hours]]*250, IF(OR(Table2[[#This Row],[Role]]="Senior Analyst",Table2[[#This Row],[Role]]="Specialist",Table2[[#This Row],[Role]]="Lead Analyst"), Table2[[#This Row],[Overtime_Hours]]*300, IF(OR(Table2[[#This Row],[Role]]="Manager",Table2[[#This Row],[Role]]="Senior Manager"), Table2[[#This Row],[Overtime_Hours]]*350, ""))) -> 3500 | AB23: High | AC23: =IF(COUNTIF(Table2[Emp_ID],Table2[[#This Row],[Emp_ID]])>1,"Duplicate","Unique") -> Unique | AD23: =_xlfn.TEXTJOIN("|",TRUE,Table2[[#This Row],[Emp_ID]:[Salary_Band]]) -> ZOM1385|Employee_385_India|34|Male|M|Hyderabad|Logistics|Manager|INR|INR|79000|12|12|948000|6|6|5|32000|23700|85|10|3|Yes|Hybrid|Hybrid|10|3500|High | AE23: =IF(COUNTIFS(Table2[Emp_ID],Table2[[#This Row],[Emp_ID]],Table2[Row_Concat],Table2[[#This Row],[Row_Concat]])>1,"Exact Duplicate", IF(COUNTIF(Table2[Emp_ID],Table2[[#This Row],[Emp_ID]])>1,"Mismatch","Unique")) -> Unique | AF23: =ROW() -> 23 | AG23: =IF(Table2[[#This Row],[Monthly_Salary]]="","Exclude", IF(Table2[[#This Row],[Row_Status]]="Mismatch","Exclude", IF(AND(Table2[[#This Row],[Row_Status]]="Exact Duplicate", COUNTIFS(Table2[Emp_ID],Table2[[#This Row],[Emp_ID]],Table2[Row_Concat],Table2[[#This Row],[Row_Concat]], Table2[Row_Number],"<"&Table2[[#This Row],[Row_Number]])>=1),"Delete",""))) | AH23: =VLOOKUP(Table2[[#This Row],[Department]],Raw_2!A:B,2,0) -> Night | AI23: =VLOOKUP(Table2[[#This Row],[Department]],Raw_2!A:C,3,0) -> 13
A24: ZOM1058 | B24: Employee_58_India | C24: 44 | D24: F | E24: =IF(OR(Table2[[#This Row],[Gender]]="Male",Table2[[#This Row],[Gender]]="M"),"M", IF(OR(Table2[[#This Row],[Gender]]="Female",Table2[[#This Row],[Gender]]="F"),"F","")) -> F | F24: Kolkata | G24: Customer Support | H24: Director | I24: INR | J24: =IF(ISNUMBER(SEARCH("India",Table2[[#This Row],[Emp_Name]])),"INR", IF(ISNUMBER(SEARCH("Foreign",Table2[[#This Row],[Emp_Name]])),Table2[[#This Row],[Currency]],Table2[[#This Row],[Currency]])) -> INR | K24: 120000 | L24: 12 | M24: =IF(Table2[[#This Row],[Num_Month]]<>12,12,Table2[[#This Row],[Num_Month]]) -> 12 | N24: =IF(Table2[[#This Row],[Monthly_Salary]]="","",Table2[[#This Row],[Monthly_Salary]]*Table2[[#This Row],[Num_Month_Final]]) -> 1440000 | O24: 10 | P24: =IF(Table2[[#This Row],[Exp_Years]]<0,ABS(Table2[[#This Row],[Exp_Years]]),Table2[[#This Row],[Exp_Years]]) -> 10 | Q24: 4 | R24: 54000 | S24: =IF(Table2[[#This Row],[Performance_Rating]]>=3,Table2[[#This Row],[Monthly_Salary]]*0.3,"") -> 36000 | T24: 85 | U24: 7 | V24: 3 | W24: No | X24: Hybrid | Y24: =IF(Table2[[#This Row],[Work_Mode]]<>"",Table2[[#This Row],[Work_Mode]], IF(ISNUMBER(SEARCH("India",Table2[[#This Row],[Emp_Name]])),"Office", IF(ISNUMBER(SEARCH("Foreign",Table2[[#This Row],[Emp_Name]])),"Remote",""))) -> Hybrid | AA24: =IF(OR(Table2[[#This Row],[Role]]="Intern",Table2[[#This Row],[Role]]="Administrative Assistant",Table2[[#This Row],[Role]]="Analyst"), Table2[[#This Row],[Overtime_Hours]]*250, IF(OR(Table2[[#This Row],[Role]]="Senior Analyst",Table2[[#This Row],[Role]]="Specialist",Table2[[#This Row],[Role]]="Lead Analyst"), Table2[[#This Row],[Overtime_Hours]]*300, IF(OR(Table2[[#This Row],[Role]]="Manager",Table2[[#This Row],[Role]]="Senior Manager"), Table2[[#This Row],[Overtime_Hours]]*350, ""))) | AB24: High | AC24: =IF(COUNTIF(Table2[Emp_ID],Table2[[#This Row],[Emp_ID]])>1,"Duplicate","Unique") -> Unique | AD24: =_xlfn.TEXTJOIN("|",TRUE,Table2[[#This Row],[Emp_ID]:[Salary_Band]]) -> ZOM1058|Employee_58_India|44|F|F|Kolkata|Customer Support|Director|INR|INR|120000|12|12|1440000|10|10|4|54000|36000|85|7|3|No|Hybrid|Hybrid|High | AE24: =IF(COUNTIFS(Table2[Emp_ID],Table2[[#This Row],[Emp_ID]],Table2[Row_Concat],Table2[[#This Row],[Row_Concat]])>1,"Exact Duplicate", IF(COUNTIF(Table2[Emp_ID],Table2[[#This Row],[Emp_ID]])>1,"Mismatch","Unique")) -> Unique | AF24: =ROW() -> 24 | AG24: =IF(Table2[[#This Row],[Monthly_Salary]]="","Exclude", IF(Table2[[#This Row],[Row_Status]]="Mismatch","Exclude", IF(AND(Table2[[#This Row],[Row_Status]]="Exact Duplicate", COUNTIFS(Table2[Emp_ID],Table2[[#This Row],[Emp_ID]],Table2[Row_Concat],Table2[[#This Row],[Row_Concat]], Table2[Row_Number],"<"&Table2[[#This Row],[Row_Number]])>=1),"Delete",""))) | AH24: =VLOOKUP(Table2[[#This Row],[Department]],Raw_2!A:B,2,0) -> Day | AI24: =VLOOKUP(Table2[[#This Row],[Department]],Raw_2!A:C,3,0) -> 12
A25: ZOM1073 | B25: Employee_73_India | C25: 27 | D25: F | E25: =IF(OR(Table2[[#This Row],[Gender]]="Male",Table2[[#This Row],[Gender]]="M"),"M", IF(OR(Table2[[#This Row],[Gender]]="Female",Table2[[#This Row],[Gender]]="F"),"F","")) -> F | F25: Delhi | G25: Logistics | H25: Senior Analyst | I25: INR | J25: =IF(ISNUMBER(SEARCH("India",Table2[[#This Row],[Emp_Name]])),"INR", IF(ISNUMBER(SEARCH("Foreign",Table2[[#This Row],[Emp_Name]])),Table2[[#This Row],[Currency]],Table2[[#This Row],[Currency]])) -> INR | K25: 38000 | L25: 12 | M25: =IF(Table2[[#This Row],[Num_Month]]<>12,12,Table2[[#This Row],[Num_Month]]) -> 12 | N25: =IF(Table2[[#This Row],[Monthly_Salary]]="","",Table2[[#This Row],[Monthly_Salary]]*Table2[[#This Row],[Num_Month_Final]]) -> 456000 | O25: 3 | P25: =IF(Table2[[#This Row],[Exp_Years]]<0,ABS(Table2[[#This Row],[Exp_Years]]),Table2[[#This Row],[Exp_Years]]) -> 3 | Q25: 1 | S25: =IF(Table2[[#This Row],[Performance_Rating]]>=3,Table2[[#This Row],[Monthly_Salary]]*0.3,"") | T25: 88 | U25: 15 | V25: 2 | W25: Yes | X25: Office | Y25: =IF(Table2[[#This Row],[Work_Mode]]<>"",Table2[[#This Row],[Work_Mode]], IF(ISNUMBER(SEARCH("India",Table2[[#This Row],[Emp_Name]])),"Office", IF(ISNUMBER(SEARCH("Foreign",Table2[[#This Row],[Emp_Name]])),"Remote",""))) -> Office | Z25: 20 | AA25: =IF(OR(Table2[[#This Row],[Role]]="Intern",Table2[[#This Row],[Role]]="Administrative Assistant",Table2[[#This Row],[Role]]="Analyst"), Table2[[#This Row],[Overtime_Hours]]*250, IF(OR(Table2[[#This Row],[Role]]="Senior Analyst",Table2[[#This Row],[Role]]="Specialist",Table2[[#This Row],[Role]]="Lead Analyst"), Table2[[#This Row],[Overtime_Hours]]*300, IF(OR(Table2[[#This Row],[Role]]="Manager",Table2[[#This Row],[Role]]="Senior Manager"), Table2[[#This Row],[Overtime_Hours]]*350, ""))) -> 6000 | AB25: Low | AC25: =IF(COUNTIF(Table2[Emp_ID],Table2[[#This Row],[Emp_ID]])>1,"Duplicate","Unique") -> Unique | AD25: =_xlfn.TEXTJOIN("|",TRUE,Table2[[#This Row],[Emp_ID]:[Salary_Band]]) -> ZOM1073|Employee_73_India|27|F|F|Delhi|Logistics|Senior Analyst|INR|INR|38000|12|12|456000|3|3|1|88|15|2|Yes|Office|Office|20|6000|Low | AE25: =IF(COUNTIFS(Table2[Emp_ID],Table2[[#This Row],[Emp_ID]],Table2[Row_Concat],Table2[[#This Row],[Row_Concat]])>1,"Exact Duplicate", IF(COUNTIF(Table2[Emp_ID],Table2[[#This Row],[Emp_ID]])>1,"Mismatch","Unique")) -> Unique | AF25: =ROW() -> 25 | AG25: =IF(Table2[[#This Row],[Monthly_Salary]]="","Exclude", IF(Table2[[#This Row],[Row_Status]]="Mismatch","Exclude", IF(AND(Table2[[#This Row],[Row_Status]]="Exact Duplicate", COUNTIFS(Table2[Emp_ID],Table2[[#This Row],[Emp_ID]],Table2[Row_Concat],Table2[[#This Row],[Row_Concat]], Table2[Row_Number],"<"&Table2[[#This Row],[Row_Number]])>=1),"Delete",""))) | AH25: =VLOOKUP(Table2[[#This Row],[Department]],Raw_2!A:B,2,0) -> Night | AI25: =VLOOKUP(Table2[[#This Row],[Department]],Raw_2!A:C,3,0) -> 13
A26: ZOM1360 | B26: Employee_360_India | C26: 27 | D26: Male | E26: =IF(OR(Table2[[#This Row],[Gender]]="Male",Table2[[#This Row],[Gender]]="M"),"M", IF(OR(Table2[[#This Row],[Gender]]="Female",Table2[[#This Row],[Gender]]="F"),"F","")) -> M | F26: Pune | G26: Analytics | H26: Lead Analyst | I26: INR | J26: =IF(ISNUMBER(SEARCH("India",Table2[[#This Row],[Emp_Name]])),"INR", IF(ISNUMBER(SEARCH("Foreign",Table2[[#This Row],[Emp_Name]])),Table2[[#This Row],[Currency]],Table2[[#This Row],[Currency]])) -> INR | K26: 78000 | L26: 12 | M26: =IF(Table2[[#This Row],[Num_Month]]<>12,12,Table2[[#This Row],[Num_Month]]) -> 12 | N26: =IF(Table2[[#This Row],[Monthly_Salary]]="","",Table2[[#This Row],[Monthly_Salary]]*Table2[[#This Row],[Num_Month_Final]]) -> 936000 | O26: 6 | P26: =IF(Table2[[#This Row],[Exp_Years]]<0,ABS(Table2[[#This Row],[Exp_Years]]),Table2[[#This Row],[Exp_Years]]) -> 6 | Q26: 3 | R26: 11000 | S26: =IF(Table2[[#This Row],[Performance_Rating]]>=3,Table2[[#This Row],[Monthly_Salary]]*0.3,"") -> 23400 | T26: 88 | U26: 15 | V26: 1 | X26: Office | Y26: =IF(Table2[[#This Row],[Work_Mode]]<>"",Table2[[#This Row],[Work_Mode]], IF(ISNUMBER(SEARCH("India",Table2[[#This Row],[Emp_Name]])),"Office", IF(ISNUMBER(SEARCH("Foreign",Table2[[#This Row],[Emp_Name]])),"Remote",""))) -> Office | Z26: 10 | AA26: =IF(OR(Table2[[#This Row],[Role]]="Intern",Table2[[#This Row],[Role]]="Administrative Assistant",Table2[[#This Row],[Role]]="Analyst"), Table2[[#This Row],[Overtime_Hours]]*250, IF(OR(Table2[[#This Row],[Role]]="Senior Analyst",Table2[[#This Row],[Role]]="Specialist",Table2[[#This Row],[Role]]="Lead Analyst"), Table2[[#This Row],[Overtime_Hours]]*300, IF(OR(Table2[[#This Row],[Role]]="Manager",Table2[[#This Row],[Role]]="Senior Manager"), Table2[[#This Row],[Overtime_Hours]]*350, ""))) -> 3000 | AB26: Medium | AC26: =IF(COUNTIF(Table2[Emp_ID],Table2[[#This Row],[Emp_ID]])>1,"Duplicate","Unique") -> Unique | AD26: =_xlfn.TEXTJOIN("|",TRUE,Table2[[#This Row],[Emp_ID]:[Salary_Band]]) -> ZOM1360|Employee_360_India|27|Male|M|Pune|Analytics|Lead Analyst|INR|INR|78000|12|12|936000|6|6|3|11000|23400|88|15|1|Office|Office|10|3000|Medium | AE26: =IF(COUNTIFS(Table2[Emp_ID],Table2[[#This Row],[Emp_ID]],Table2[Row_Concat],Table2[[#This Row],[Row_Concat]])>1,"Exact Duplicate", IF(COUNTIF(Table2[Emp_ID],Table2[[#This Row],[Emp_ID]])>1,"Mismatch","Unique")) -> Unique | AF26: =ROW() -> 26 | AG26: =IF(Table2[[#This Row],[Monthly_Salary]]="","Exclude", IF(Table2[[#This Row],[Row_Status]]="Mismatch","Exclude", IF(AND(Table2[[#This Row],[Row_Status]]="Exact Duplicate", COUNTIFS(Table2[Emp_ID],Table2[[#This Row],[Emp_ID]],Table2[Row_Concat],Table2[[#This Row],[Row_Concat]], Table2[Row_Number],"<"&Table2[[#This Row],[Row_Number]])>=1),"Delete",""))) | AH26: =VLOOKUP(Table2[[#This Row],[Department]],Raw_2!A:B,2,0) -> Day | AI26: =VLOOKUP(Table2[[#This Row],[Department]],Raw_2!A:C,3,0) -> 25
A27: ZOM1051 | B27: Employee_51_India | C27: 27 | D27: F | E27: =IF(OR(Table2[[#This Row],[Gender]]="Male",Table2[[#This Row],[Gender]]="M"),"M", IF(OR(Table2[[#This Row],[Gender]]="Female",Table2[[#This Row],[Gender]]="F"),"F","")) -> F | F27: Kolkata | G27: Customer Support | H27: Senior Analyst | I27: INR | J27: =IF(ISNUMBER(SEARCH("India",Table2[[#This Row],[Emp_Name]])),"INR", IF(ISNUMBER(SEARCH("Foreign",Table2[[#This Row],[Emp_Name]])),Table2[[#This Row],[Currency]],Table2[[#This Row],[Currency]])) -> INR | K27: 38000 | L27: 12 | M27: =IF(Table2[[#This Row],[Num_Month]]<>12,12,Table2[[#This Row],[Num_Month]]) -> 12 | N27: =IF(Table2[[#This Row],[Monthly_Salary]]="","",Table2[[#This Row],[Monthly_Salary]]*Table2[[#This Row],[Num_Month_Final]]) -> 456000 | O27: 3 | P27: =IF(Table2[[#This Row],[Exp_Years]]<0,ABS(Table2[[#This Row],[Exp_Years]]),Table2[[#This Row],[Exp_Years]]) -> 3 | Q27: 1 | S27: =IF(Table2[[#This Row],[Performance_Rating]]>=3,Table2[[#This Row],[Monthly_Salary]]*0.3,"") | T27: 80 | U27: 10 | V27: 5 | W27: No | X27: Hybrid | Y27: =IF(Table2[[#This Row],[Work_Mode]]<>"",Table2[[#This Row],[Work_Mode]], IF(ISNUMBER(SEARCH("India",Table2[[#This Row],[Emp_Name]])),"Office", IF(ISNUMBER(SEARCH("Foreign",Table2[[#This Row],[Emp_Name]])),"Remote",""))) -> Hybrid | Z27: 10 | AA27: =IF(OR(Table2[[#This Row],[Role]]="Intern",Table2[[#This Row],[Role]]="Administrative Assistant",Table2[[#This Row],[Role]]="Analyst"), Table2[[#This Row],[Overtime_Hours]]*250, IF(OR(Table2[[#This Row],[Role]]="Senior Analyst",Table2[[#This Row],[Role]]="Specialist",Table2[[#This Row],[Role]]="Lead Analyst"), Table2[[#This Row],[Overtime_Hours]]*300, IF(OR(Table2[[#This Row],[Role]]="Manager",Table2[[#This Row],[Role]]="Senior Manager"), Table2[[#This Row],[Overtime_Hours]]*350, ""))) -> 3000 | AB27: Low | AC27: =IF(COUNTIF(Table2[Emp_ID],Table2[[#This Row],[Emp_ID]])>1,"Duplicate","Unique") -> Unique | AD27: =_xlfn.TEXTJOIN("|",TRUE,Table2[[#This Row],[Emp_ID]:[Salary_Band]]) -> ZOM1051|Employee_51_India|27|F|F|Kolkata|Customer Support|Senior Analyst|INR|INR|38000|12|12|456000|3|3|1|80|10|5|No|Hybrid|Hybrid|10|3000|Low | AE27: =IF(COUNTIFS(Table2[Emp_ID],Table2[[#This Row],[Emp_ID]],Table2[Row_Concat],Table2[[#This Row],[Row_Concat]])>1,"Exact Duplicate", IF(COUNTIF(Table2[Emp_ID],Table2[[#This Row],[Emp_ID]])>1,"Mismatch","Unique")) -> Unique | AF27: =ROW() -> 27 | AG27: =IF(Table2[[#This Row],[Monthly_Salary]]="","Exclude", IF(Table2[[#This Row],[Row_Status]]="Mismatch","Exclude", IF(AND(Table2[[#This Row],[Row_Status]]="Exact Duplicate", COUNTIFS(Table2[Emp_ID],Table2[[#This Row],[Emp_ID]],Table2[Row_Concat],Table2[[#This Row],[Row_Concat]], Table2[Row_Number],"<"&Table2[[#This Row],[Row_Number]])>=1),"Delete",""))) | AH27: =VLOOKUP(Table2[[#This Row],[Department]],Raw_2!A:B,2,0) -> Day | AI27: =VLOOKUP(Table2[[#This Row],[Department]],Raw_2!A:C,3,0) -> 12
A28: ZOM1459 | B28: Employee_459_India | C28: 45 | E28: =IF(OR(Table2[[#This Row],[Gender]]="Male",Table2[[#This Row],[Gender]]="M"),"M", IF(OR(Table2[[#This Row],[Gender]]="Female",Table2[[#This Row],[Gender]]="F"),"F","")) | F28: Indore | G28: Customer Support | H28: Director | I28: INR | J28: =IF(ISNUMBER(SEARCH("India",Table2[[#This Row],[Emp_Name]])),"INR", IF(ISNUMBER(SEARCH("Foreign",Table2[[#This Row],[Emp_Name]])),Table2[[#This Row],[Currency]],Table2[[#This Row],[Currency]])) -> INR | K28: 110000 | L28: 12 | M28: =IF(Table2[[#This Row],[Num_Month]]<>12,12,Table2[[#This Row],[Num_Month]]) -> 12 | N28: =IF(Table2[[#This Row],[Monthly_Salary]]="","",Table2[[#This Row],[Monthly_Salary]]*Table2[[#This Row],[Num_Month_Final]]) -> 1320000 | O28: 10 | P28: =IF(Table2[[#This Row],[Exp_Years]]<0,ABS(Table2[[#This Row],[Exp_Years]]),Table2[[#This Row],[Exp_Years]]) -> 10 | Q28: 1 | S28: =IF(Table2[[#This Row],[Performance_Rating]]>=3,Table2[[#This Row],[Monthly_Salary]]*0.3,"") | T28: 90 | U28: 10 | V28: 1 | W28: No | X28: Office | Y28: =IF(Table2[[#This Row],[Work_Mode]]<>"",Table2[[#This Row],[Work_Mode]], IF(ISNUMBER(SEARCH("India",Table2[[#This Row],[Emp_Name]])),"Office", IF(ISNUMBER(SEARCH("Foreign",Table2[[#This Row],[Emp_Name]])),"Remote",""))) -> Office | AA28: =IF(OR(Table2[[#This Row],[Role]]="Intern",Table2[[#This Row],[Role]]="Administrative Assistant",Table2[[#This Row],[Role]]="Analyst"), Table2[[#This Row],[Overtime_Hours]]*250, IF(OR(Table2[[#This Row],[Role]]="Senior Analyst",Table2[[#This Row],[Role]]="Specialist",Table2[[#This Row],[Role]]="Lead Analyst"), Table2[[#This Row],[Overtime_Hours]]*300, IF(OR(Table2[[#This Row],[Role]]="Manager",Table2[[#This Row],[Role]]="Senior Manager"), Table2[[#This Row],[Overtime_Hours]]*350, ""))) | AB28: Low | AC28: =IF(COUNTIF(Table2[Emp_ID],Table2[[#This Row],[Emp_ID]])>1,"Duplicate","Unique") -> Unique | AD28: =_xlfn.TEXTJOIN("|",TRUE,Table2[[#This Row],[Emp_ID]:[Salary_Band]]) -> ZOM1459|Employee_459_India|45|Indore|Customer Support|Director|INR|INR|110000|12|12|1320000|10|10|1|90|10|1|No|Office|Office|Low | AE28: =IF(COUNTIFS(Table2[Emp_ID],Table2[[#This Row],[Emp_ID]],Table2[Row_Concat],Table2[[#This Row],[Row_Concat]])>1,"Exact Duplicate", IF(COUNTIF(Table2[Emp_ID],Table2[[#This Row],[Emp_ID]])>1,"Mismatch","Unique")) -> Unique | AF28: =ROW() -> 28 | AG28: =IF(Table2[[#This Row],[Monthly_Salary]]="","Exclude", IF(Table2[[#This Row],[Row_Status]]="Mismatch","Exclude", IF(AND(Table2[[#This Row],[Row_Status]]="Exact Duplicate", COUNTIFS(Table2[Emp_ID],Table2[[#This Row],[Emp_ID]],Table2[Row_Concat],Table2[[#This Row],[Row_Concat]], Table2[Row_Number],"<"&Table2[[#This Row],[Row_Number]])>=1),"Delete",""))) | AH28: =VLOOKUP(Table2[[#This Row],[Department]],Raw_2!A:B,2,0) -> Day | AI28: =VLOOKUP(Table2[[#This Row],[Department]],Raw_2!A:C,3,0) -> 12
A29: ZOM1278 | B29: Employee_278_India | C29: 38 | D29: M | E29: =IF(OR(Table2[[#This Row],[Gender]]="Male",Table2[[#This Row],[Gender]]="M"),"M", IF(OR(Table2[[#This Row],[Gender]]="Female",Table2[[#This Row],[Gender]]="F"),"F","")) -> M | F29: Kolkata | G29: Finance | H29: Senior Manager | I29: USD | J29: =IF(ISNUMBER(SEARCH("India",Table2[[#This Row],[Emp_Name]])),"INR", IF(ISNUMBER(SEARCH("Foreign",Table2[[#This Row],[Emp_Name]])),Table2[[#This Row],[Currency]],Table2[[#This Row],[Currency]])) -> INR | K29: 91600 | L29: 12 | M29: =IF(Table2[[#This Row],[Num_Month]]<>12,12,Table2[[#This Row],[Num_Month]]) -> 12 | N29: =IF(Table2[[#This Row],[Monthly_Salary]]="","",Table2[[#This Row],[Monthly_Salary]]*Table2[[#This Row],[Num_Month_Final]]) -> 1099200 | O29: 12 | P29: =IF(Table2[[#This Row],[Exp_Years]]<0,ABS(Table2[[#This Row],[Exp_Years]]),Table2[[#This Row],[Exp_Years]]) -> 12 | Q29: 4 | R29: 43000 | S29: =IF(Table2[[#This Row],[Performance_Rating]]>=3,Table2[[#This Row],[Monthly_Salary]]*0.3,"") -> 27480 | T29: 90 | U29: 5 | V29: 5 | W29: Yes | X29: Office | Y29: =IF(Table2[[#This Row],[Work_Mode]]<>"",Table2[[#This Row],[Work_Mode]], IF(ISNUMBER(SEARCH("India",Table2[[#This Row],[Emp_Name]])),"Office", IF(ISNUMBER(SEARCH("Foreign",Table2[[#This Row],[Emp_Name]])),"Remote",""))) -> Office | Z29: 20 | AA29: =IF(OR(Table2[[#This Row],[Role]]="Intern",Table2[[#This Row],[Role]]="Administrative Assistant",Table2[[#This Row],[Role]]="Analyst"), Table2[[#This Row],[Overtime_Hours]]*250, IF(OR(Table2[[#This Row],[Role]]="Senior Analyst",Table2[[#This Row],[Role]]="Specialist",Table2[[#This Row],[Role]]="Lead Analyst"), Table2[[#This Row],[Overtime_Hours]]*300, IF(OR(Table2[[#This Row],[Role]]="Manager",Table2[[#This Row],[Role]]="Senior Manager"), Table2[[#This Row],[Overtime_Hours]]*350, ""))) -> 7000 | AB29: Medium | AC29: =IF(COUNTIF(Table2[Emp_ID],Table2[[#This Row],[Emp_ID]])>1,"Duplicate","Unique") -> Unique | AD29: =_xlfn.TEXTJOIN("|",TRUE,Table2[[#This Row],[Emp_ID]:[Salary_Band]]) -> ZOM1278|Employee_278_India|38|M|M|Kolkata|Finance|Senior Manager|USD|INR|91600|12|12|1099200|12|12|4|43000|27480|90|5|5|Yes|Office|Office|20|7000|Medium | AE29: =IF(COUNTIFS(Table2[Emp_ID],Table2[[#This Row],[Emp_ID]],Table2[Row_Concat],Table2[[#This Row],[Row_Concat]])>1,"Exact Duplicate", IF(COUNTIF(Table2[Emp_ID],Table2[[#This Row],[Emp_ID]])>1,"Mismatch","Unique")) -> Unique | AF29: =ROW() -> 29 | AG29: =IF(Table2[[#This Row],[Monthly_Salary]]="","Exclude", IF(Table2[[#This Row],[Row_Status]]="Mismatch","Exclude", IF(AND(Table2[[#This Row],[Row_Status]]="Exact Duplicate", COUNTIFS(Table2[Emp_ID],Table2[[#This Row],[Emp_ID]],Table2[Row_Concat],Table2[[#This Row],[Row_Concat]], Table2[Row_Number],"<"&Table2[[#This Row],[Row_Number]])>=1),"Delete",""))) | AH29: =VLOOKUP(Table2[[#This Row],[Department]],Raw_2!A:B,2,0) -> Night | AI29: =VLOOKUP(Table2[[#This Row],[Department]],Raw_2!A:C,3,0) -> 20
A30: ZOM1572 | B30: Employee_572_India | C30: 26 | D30: F | E30: =IF(OR(Table2[[#This Row],[Gender]]="Male",Table2[[#This Row],[Gender]]="M"),"M", IF(OR(Table2[[#This Row],[Gender]]="Female",Table2[[#This Row],[Gender]]="F"),"F","")) -> F | F30: Noida | G30: Logistics | H30: Senior Analyst | I30: INR | J30: =IF(ISNUMBER(SEARCH("India",Table2[[#This Row],[Emp_Name]])),"INR", IF(ISNUMBER(SEARCH("Foreign",Table2[[#This Row],[Emp_Name]])),Table2[[#This Row],[Currency]],Table2[[#This Row],[Currency]])) -> INR | K30: 42500 | L30: 12 | M30: =IF(Table2[[#This Row],[Num_Month]]<>12,12,Table2[[#This Row],[Num_Month]]) -> 12 | N30: =IF(Table2[[#This Row],[Monthly_Salary]]="","",Table2[[#This Row],[Monthly_Salary]]*Table2[[#This Row],[Num_Month_Final]]) -> 510000 | O30: 3 | P30: =IF(Table2[[#This Row],[Exp_Years]]<0,ABS(Table2[[#This Row],[Exp_Years]]),Table2[[#This Row],[Exp_Years]]) -> 3 | Q30: 2 | S30: =IF(Table2[[#This Row],[Performance_Rating]]>=3,Table2[[#This Row],[Monthly_Salary]]*0.3,"") | T30: 80 | U30: 10 | V30: 1 | W30: Yes | X30: Office | Y30: =IF(Table2[[#This Row],[Work_Mode]]<>"",Table2[[#This Row],[Work_Mode]], IF(ISNUMBER(SEARCH("India",Table2[[#This Row],[Emp_Name]])),"Office", IF(ISNUMBER(SEARCH("Foreign",Table2[[#This Row],[Emp_Name]])),"Remote",""))) -> Office | Z30: 5 | AA30: =IF(OR(Table2[[#This Row],[Role]]="Intern",Table2[[#This Row],[Role]]="Administrative Assistant",Table2[[#This Row],[Role]]="Analyst"), Table2[[#This Row],[Overtime_Hours]]*250, IF(OR(Table2[[#This Row],[Role]]="Senior Analyst",Table2[[#This Row],[Role]]="Specialist",Table2[[#This Row],[Role]]="Lead Analyst"), Table2[[#This Row],[Overtime_Hours]]*300, IF(OR(Table2[[#This Row],[Role]]="Manager",Table2[[#This Row],[Role]]="Senior Manager"), Table2[[#This Row],[Overtime_Hours]]*350, ""))) -> 1500 | AB30: Low | AC30: =IF(COUNTIF(Table2[Emp_ID],Table2[[#This Row],[Emp_ID]])>1,"Duplicate","Unique") -> Unique | AD30: =_xlfn.TEXTJOIN("|",TRUE,Table2[[#This Row],[Emp_ID]:[Salary_Band]]) -> ZOM1572|Employee_572_India|26|F|F|Noida|Logistics|Senior Analyst|INR|INR|42500|12|12|510000|3|3|2|80|10|1|Yes|Office|Office|5|1500|Low | AE30: =IF(COUNTIFS(Table2[Emp_ID],Table2[[#This Row],[Emp_ID]],Table2[Row_Concat],Table2[[#This Row],[Row_Concat]])>1,"Exact Duplicate", IF(COUNTIF(Table2[Emp_ID],Table2[[#This Row],[Emp_ID]])>1,"Mismatch","Unique")) -> Unique | AF30: =ROW() -> 30 | AG30: =IF(Table2[[#This Row],[Monthly_Salary]]="","Exclude", IF(Table2[[#This Row],[Row_Status]]="Mismatch","Exclude", IF(AND(Table2[[#This Row],[Row_Status]]="Exact Duplicate", COUNTIFS(Table2[Emp_ID],Table2[[#This Row],[Emp_ID]],Table2[Row_Concat],Table2[[#This Row],[Row_Concat]], Table2[Row_Number],"<"&Table2[[#This Row],[Row_Number]])>=1),"Delete",""))) | AH30: =VLOOKUP(Table2[[#This Row],[Department]],Raw_2!A:B,2,0) -> Night | AI30: =VLOOKUP(Table2[[#This Row],[Department]],Raw_2!A:C,3,0) -> 13
A31: ZOM1529 | B31: Employee_529_India | C31: 36 | D31: Female | E31: =IF(OR(Table2[[#This Row],[Gender]]="Male",Table2[[#This Row],[Gender]]="M"),"M", IF(OR(Table2[[#This Row],[Gender]]="Female",Table2[[#This Row],[Gender]]="F"),"F","")) -> F | F31: Pune | G31: Finance | H31: Senior Manager | I31: INR | J31: =IF(ISNUMBER(SEARCH("India",Table2[[#This Row],[Emp_Name]])),"INR", IF(ISNUMBER(SEARCH("Foreign",Table2[[#This Row],[Emp_Name]])),Table2[[#This Row],[Currency]],Table2[[#This Row],[Currency]])) -> INR | K31: 91700 | L31: 12 | M31: =IF(Table2[[#This Row],[Num_Month]]<>12,12,Table2[[#This Row],[Num_Month]]) -> 12 | N31: =IF(Table2[[#This Row],[Monthly_Salary]]="","",Table2[[#This Row],[Monthly_Salary]]*Table2[[#This Row],[Num_Month_Final]]) -> 1100400 | O31: 12 | P31: =IF(Table2[[#This Row],[Exp_Years]]<0,ABS(Table2[[#This Row],[Exp_Years]]),Table2[[#This Row],[Exp_Years]]) -> 12 | Q31: 2 | S31: =IF(Table2[[#This Row],[Performance_Rating]]>=3,Table2[[#This Row],[Monthly_Salary]]*0.3,"") | T31: 88 | U31: 7 | V31: 5 | W31: No | X31: Hybrid | Y31: =IF(Table2[[#This Row],[Work_Mode]]<>"",Table2[[#This Row],[Work_Mode]], IF(ISNUMBER(SEARCH("India",Table2[[#This Row],[Emp_Name]])),"Office", IF(ISNUMBER(SEARCH("Foreign",Table2[[#This Row],[Emp_Name]])),"Remote",""))) -> Hybrid | Z31: 20 | AA31: =IF(OR(Table2[[#This Row],[Role]]="Intern",Table2[[#This Row],[Role]]="Administrative Assistant",Table2[[#This Row],[Role]]="Analyst"), Table2[[#This Row],[Overtime_Hours]]*250, IF(OR(Table2[[#This Row],[Role]]="Senior Analyst",Table2[[#This Row],[Role]]="Specialist",Table2[[#This Row],[Role]]="Lead Analyst"), Table2[[#This Row],[Overtime_Hours]]*300, IF(OR(Table2[[#This Row],[Role]]="Manager",Table2[[#This Row],[Role]]="Senior Manager"), Table2[[#This Row],[Overtime_Hours]]*350, ""))) -> 7000 | AB31: Low | AC31: =IF(COUNTIF(Table2[Emp_ID],Table2[[#This Row],[Emp_ID]])>1,"Duplicate","Unique") -> Unique | AD31: =_xlfn.TEXTJOIN("|",TRUE,Table2[[#This Row],[Emp_ID]:[Salary_Band]]) -> ZOM1529|Employee_529_India|36|Female|F|Pune|Finance|Senior Manager|INR|INR|91700|12|12|1100400|12|12|2|88|7|5|No|Hybrid|Hybrid|20|7000|Low | AE31: =IF(COUNTIFS(Table2[Emp_ID],Table2[[#This Row],[Emp_ID]],Table2[Row_Concat],Table2[[#This Row],[Row_Concat]])>1,"Exact Duplicate", IF(COUNTIF(Table2[Emp_ID],Table2[[#This Row],[Emp_ID]])>1,"Mismatch","Unique")) -> Unique | AF31: =ROW() -> 31 | AG31: =IF(Table2[[#This Row],[Monthly_Salary]]="","Exclude", IF(Table2[[#This Row],[Row_Status]]="Mismatch","Exclude", IF(AND(Table2[[#This Row],[Row_Status]]="Exact Duplicate", COUNTIFS(Table2[Emp_ID],Table2[[#This Row],[Emp_ID]],Table2[Row_Concat],Table2[[#This Row],[Row_Concat]], Table2[Row_Number],"<"&Table2[[#This Row],[Row_Number]])>=1),"Delete",""))) | AH31: =VLOOKUP(Table2[[#This Row],[Department]],Raw_2!A:B,2,0) -> Night | AI31: =VLOOKUP(Table2[[#This Row],[Department]],Raw_2!A:C,3,0) -> 20
A32: ZOM1609 | B32: Employee_9_Foreign | C32: 25 | D32: Male | E32: =IF(OR(Table2[[#This Row],[Gender]]="Male",Table2[[#This Row],[Gender]]="M"),"M", IF(OR(Table2[[#This Row],[Gender]]="Female",Table2[[#This Row],[Gender]]="F"),"F","")) -> M | G32: Operations | H32: Senior Analyst | I32: USD | J32: =IF(ISNUMBER(SEARCH("India",Table2[[#This Row],[Emp_Name]])),"INR", IF(ISNUMBER(SEARCH("Foreign",Table2[[#This Row],[Emp_Name]])),Table2[[#This Row],[Currency]],Table2[[#This Row],[Currency]])) -> USD | K32: 31000 | L32: 12 | M32: =IF(Table2[[#This Row],[Num_Month]]<>12,12,Table2[[#This Row],[Num_Month]]) -> 12 | N32: =IF(Table2[[#This Row],[Monthly_Salary]]="","",Table2[[#This Row],[Monthly_Salary]]*Table2[[#This Row],[Num_Month_Final]]) -> 372000 | O32: 2 | P32: =IF(Table2[[#This Row],[Exp_Years]]<0,ABS(Table2[[#This Row],[Exp_Years]]),Table2[[#This Row],[Exp_Years]]) -> 2 | Q32: 2 | S32: =IF(Table2[[#This Row],[Performance_Rating]]>=3,Table2[[#This Row],[Monthly_Salary]]*0.3,"") | T32: 80 | U32: 10 | V32: 3 | W32: Yes | X32: Remote | Y32: =IF(Table2[[#This Row],[Work_Mode]]<>"",Table2[[#This Row],[Work_Mode]], IF(ISNUMBER(SEARCH("India",Table2[[#This Row],[Emp_Name]])),"Office", IF(ISNUMBER(SEARCH("Foreign",Table2[[#This Row],[Emp_Name]])),"Remote",""))) -> Remote | AA32: =IF(OR(Table2[[#This Row],[Role]]="Intern",Table2[[#This Row],[Role]]="Administrative Assistant",Table2[[#This Row],[Role]]="Analyst"), Table2[[#This Row],[Overtime_Hours]]*250, IF(OR(Table2[[#This Row],[Role]]="Senior Analyst",Table2[[#This Row],[Role]]="Specialist",Table2[[#This Row],[Role]]="Lead Analyst"), Table2[[#This Row],[Overtime_Hours]]*300, IF(OR(Table2[[#This Row],[Role]]="Manager",Table2[[#This Row],[Role]]="Senior Manager"), Table2[[#This Row],[Overtime_Hours]]*350, ""))) -> 0 | AB32: Low | AC32: =IF(COUNTIF(Table2[Emp_ID],Table2[[#This Row],[Emp_ID]])>1,"Duplicate","Unique") -> Unique | AD32: =_xlfn.TEXTJOIN("|",TRUE,Table2[[#This Row],[Emp_ID]:[Salary_Band]]) -> ZOM1609|Employee_9_Foreign|25|Male|M|Operations|Senior Analyst|USD|USD|31000|12|12|372000|2|2|2|80|10|3|Yes|Remote|Remote|0|Low | AE32: =IF(COUNTIFS(Table2[Emp_ID],Table2[[#This Row],[Emp_ID]],Table2[Row_Concat],Table2[[#This Row],[Row_Concat]])>1,"Exact Duplicate", IF(COUNTIF(Table2[Emp_ID],Table2[[#This Row],[Emp_ID]])>1,"Mismatch","Unique")) -> Unique | AF32: =ROW() -> 32 | AG32: =IF(Table2[[#This Row],[Monthly_Salary]]="","Exclude", IF(Table2[[#This Row],[Row_Status]]="Mismatch","Exclude", IF(AND(Table2[[#This Row],[Row_Status]]="Exact Duplicate", COUNTIFS(Table2[Emp_ID],Table2[[#This Row],[Emp_ID]],Table2[Row_Concat],Table2[[#This Row],[Row_Concat]], Table2[Row_Number],"<"&Table2[[#This Row],[Row_Number]])>=1),"Delete",""))) | AH32: =VLOOKUP(Table2[[#This Row],[Department]],Raw_2!A:B,2,0) -> Day | AI32: =VLOOKUP(Table2[[#This Row],[Department]],Raw_2!A:C,3,0) -> 14
A33: ZOM1339 | B33: Employee_339_India | C33: 25 | D33: Male | E33: =IF(OR(Table2[[#This Row],[Gender]]="Male",Table2[[#This Row],[Gender]]="M"),"M", IF(OR(Table2[[#This Row],[Gender]]="Female",Table2[[#This Row],[Gender]]="F"),"F","")) -> M | F33: Delhi | G33: Analytics | H33: Senior Analyst | I33: INR | J33: =IF(ISNUMBER(SEARCH("India",Table2[[#This Row],[Emp_Name]])),"INR", IF(ISNUMBER(SEARCH("Foreign",Table2[[#This Row],[Emp_Name]])),Table2[[#This Row],[Currency]],Table2[[#This Row],[Currency]])) -> INR | K33: 33000 | L33: 12 | M33: =IF(Table2[[#This Row],[Num_Month]]<>12,12,Table2[[#This Row],[Num_Month]]) -> 12 | N33: =IF(Table2[[#This Row],[Monthly_Salary]]="","",Table2[[#This Row],[Monthly_Salary]]*Table2[[#This Row],[Num_Month_Final]]) -> 396000 | O33: 2 | P33: =IF(Table2[[#This Row],[Exp_Years]]<0,ABS(Table2[[#This Row],[Exp_Years]]),Table2[[#This Row],[Exp_Years]]) -> 2 | Q33: 1 | S33: =IF(Table2[[#This Row],[Performance_Rating]]>=3,Table2[[#This Row],[Monthly_Salary]]*0.3,"") | T33: 85 | U33: 5 | V33: 1 | X33: Office | Y33: =IF(Table2[[#This Row],[Work_Mode]]<>"",Table2[[#This Row],[Work_Mode]], IF(ISNUMBER(SEARCH("India",Table2[[#This Row],[Emp_Name]])),"Office", IF(ISNUMBER(SEARCH("Foreign",Table2[[#This Row],[Emp_Name]])),"Remote",""))) -> Office | Z33: 20 | AA33: =IF(OR(Table2[[#This Row],[Role]]="Intern",Table2[[#This Row],[Role]]="Administrative Assistant",Table2[[#This Row],[Role]]="Analyst"), Table2[[#This Row],[Overtime_Hours]]*250, IF(OR(Table2[[#This Row],[Role]]="Senior Analyst",Table2[[#This Row],[Role]]="Specialist",Table2[[#This Row],[Role]]="Lead Analyst"), Table2[[#This Row],[Overtime_Hours]]*300, IF(OR(Table2[[#This Row],[Role]]="Manager",Table2[[#This Row],[Role]]="Senior Manager"), Table2[[#This Row],[Overtime_Hours]]*350, ""))) -> 6000 | AB33: Low | AC33: =IF(COUNTIF(Table2[Emp_ID],Table2[[#This Row],[Emp_ID]])>1,"Duplicate","Unique") -> Unique | AD33: =_xlfn.TEXTJOIN("|",TRUE,Table2[[#This Row],[Emp_ID]:[Salary_Band]]) -> ZOM1339|Employee_339_India|25|Male|M|Delhi|Analytics|Senior Analyst|INR|INR|33000|12|12|396000|2|2|1|85|5|1|Office|Office|20|6000|Low | AE33: =IF(COUNTIFS(Table2[Emp_ID],Table2[[#This Row],[Emp_ID]],Table2[Row_Concat],Table2[[#This Row],[Row_Concat]])>1,"Exact Duplicate", IF(COUNTIF(Table2[Emp_ID],Table2[[#This Row],[Emp_ID]])>1,"Mismatch","Unique")) -> Unique | AF33: =ROW() -> 33 | AG33: =IF(Table2[[#This Row],[Monthly_Salary]]="","Exclude", IF(Table2[[#This Row],[Row_Status]]="Mismatch","Exclude", IF(AND(Table2[[#This Row],[Row_Status]]="Exact Duplicate", COUNTIFS(Table2[Emp_ID],Table2[[#This Row],[Emp_ID]],Table2[Row_Concat],Table2[[#This Row],[Row_Concat]], Table2[Row_Number],"<"&Table2[[#This Row],[Row_Number]])>=1),"Delete",""))) | AH33: =VLOOKUP(Table2[[#This Row],[Department]],Raw_2!A:B,2,0) -> Day | AI33: =VLOOKUP(Table2[[#This Row],[Department]],Raw_2!A:C,3,0) -> 25
A34: ZOM1597 | B34: Employee_597_India | C34: 25 | D34: F | E34: =IF(OR(Table2[[#This Row],[Gender]]="Male",Table2[[#This Row],[Gender]]="M"),"M", IF(OR(Table2[[#This Row],[Gender]]="Female",Table2[[#This Row],[Gender]]="F"),"F","")) -> F | F34: Hyderabad | G34: Finance | H34: Senior Analyst | I34: INR | J34: =IF(ISNUMBER(SEARCH("India",Table2[[#This Row],[Emp_Name]])),"INR", IF(ISNUMBER(SEARCH("Foreign",Table2[[#This Row],[Emp_Name]])),Table2[[#This Row],[Currency]],Table2[[#This Row],[Currency]])) -> INR | K34: 45000 | L34: 12 | M34: =IF(Table2[[#This Row],[Num_Month]]<>12,12,Table2[[#This Row],[Num_Month]]) -> 12 | N34: =IF(Table2[[#This Row],[Monthly_Salary]]="","",Table2[[#This Row],[Monthly_Salary]]*Table2[[#This Row],[Num_Month_Final]]) -> 540000 | O34: 4 | P34: =IF(Table2[[#This Row],[Exp_Years]]<0,ABS(Table2[[#This Row],[Exp_Years]]),Table2[[#This Row],[Exp_Years]]) -> 4 | Q34: 1 | S34: =IF(Table2[[#This Row],[Performance_Rating]]>=3,Table2[[#This Row],[Monthly_Salary]]*0.3,"") | T34: 95 | U34: 15 | V34: 1 | X34: Hybrid | Y34: =IF(Table2[[#This Row],[Work_Mode]]<>"",Table2[[#This Row],[Work_Mode]], IF(ISNUMBER(SEARCH("India",Table2[[#This Row],[Emp_Name]])),"Office", IF(ISNUMBER(SEARCH("Foreign",Table2[[#This Row],[Emp_Name]])),"Remote",""))) -> Hybrid | Z34: 10 | AA34: =IF(OR(Table2[[#This Row],[Role]]="Intern",Table2[[#This Row],[Role]]="Administrative Assistant",Table2[[#This Row],[Role]]="Analyst"), Table2[[#This Row],[Overtime_Hours]]*250, IF(OR(Table2[[#This Row],[Role]]="Senior Analyst",Table2[[#This Row],[Role]]="Specialist",Table2[[#This Row],[Role]]="Lead Analyst"), Table2[[#This Row],[Overtime_Hours]]*300, IF(OR(Table2[[#This Row],[Role]]="Manager",Table2[[#This Row],[Role]]="Senior Manager"), Table2[[#This Row],[Overtime_Hours]]*350, ""))) -> 3000 | AB34: Low | AC34: =IF(COUNTIF(Table2[Emp_ID],Table2[[#This Row],[Emp_ID]])>1,"Duplicate","Unique") -> Unique | AD34: =_xlfn.TEXTJOIN("|",TRUE,Table2[[#This Row],[Emp_ID]:[Salary_Band]]) -> ZOM1597|Employee_597_India|25|F|F|Hyderabad|Finance|Senior Analyst|INR|INR|45000|12|12|540000|4|4|1|95|15|1|Hybrid|Hybrid|10|3000|Low | AE34: =IF(COUNTIFS(Table2[Emp_ID],Table2[[#This Row],[Emp_ID]],Table2[Row_Concat],Table2[[#This Row],[Row_Concat]])>1,"Exact Duplicate", IF(COUNTIF(Table2[Emp_ID],Table2[[#This Row],[Emp_ID]])>1,"Mismatch","Unique")) -> Unique | AF34: =ROW() -> 34 | AG34: =IF(Table2[[#This Row],[Monthly_Salary]]="","Exclude", IF(Table2[[#This Row],[Row_Status]]="Mismatch","Exclude", IF(AND(Table2[[#This Row],[Row_Status]]="Exact Duplicate", COUNTIFS(Table2[Emp_ID],Table2[[#This Row],[Emp_ID]],Table2[Row_Concat],Table2[[#This Row],[Row_Concat]], Table2[Row_Number],"<"&Table2[[#This Row],[Row_Number]])>=1),"Delete",""))) | AH34: =VLOOKUP(Table2[[#This Row],[Department]],Raw_2!A:B,2,0) -> Night | AI34: =VLOOKUP(Table2[[#This Row],[Department]],Raw_2!A:C,3,0) -> 20
A35: ZOM1188 | B35: Employee_188_India | C35: 27 | D35: M | E35: =IF(OR(Table2[[#This Row],[Gender]]="Male",Table2[[#This Row],[Gender]]="M"),"M", IF(OR(Table2[[#This Row],[Gender]]="Female",Table2[[#This Row],[Gender]]="F"),"F","")) -> M | F35: Noida | G35: Analytics | H35: Senior Analyst | I35: INR | J35: =IF(ISNUMBER(SEARCH("India",Table2[[#This Row],[Emp_Name]])),"INR", IF(ISNUMBER(SEARCH("Foreign",Table2[[#This Row],[Emp_Name]])),Table2[[#This Row],[Currency]],Table2[[#This Row],[Currency]])) -> INR | K35: 43000 | L35: 12 | M35: =IF(Table2[[#This Row],[Num_Month]]<>12,12,Table2[[#This Row],[Num_Month]]) -> 12 | N35: =IF(Table2[[#This Row],[Monthly_Salary]]="","",Table2[[#This Row],[Monthly_Salary]]*Table2[[#This Row],[Num_Month_Final]]) -> 516000 | O35: 3 | P35: =IF(Table2[[#This Row],[Exp_Years]]<0,ABS(Table2[[#This Row],[Exp_Years]]),Table2[[#This Row],[Exp_Years]]) -> 3 | Q35: 1 | S35: =IF(Table2[[#This Row],[Performance_Rating]]>=3,Table2[[#This Row],[Monthly_Salary]]*0.3,"") | T35: 88 | U35: 15 | V35: 1 | W35: No | X35: Hybrid | Y35: =IF(Table2[[#This Row],[Work_Mode]]<>"",Table2[[#This Row],[Work_Mode]], IF(ISNUMBER(SEARCH("India",Table2[[#This Row],[Emp_Name]])),"Office", IF(ISNUMBER(SEARCH("Foreign",Table2[[#This Row],[Emp_Name]])),"Remote",""))) -> Hybrid | Z35: 5 | AA35: =IF(OR(Table2[[#This Row],[Role]]="Intern",Table2[[#This Row],[Role]]="Administrative Assistant",Table2[[#This Row],[Role]]="Analyst"), Table2[[#This Row],[Overtime_Hours]]*250, IF(OR(Table2[[#This Row],[Role]]="Senior Analyst",Table2[[#This Row],[Role]]="Specialist",Table2[[#This Row],[Role]]="Lead Analyst"), Table2[[#This Row],[Overtime_Hours]]*300, IF(OR(Table2[[#This Row],[Role]]="Manager",Table2[[#This Row],[Role]]="Senior Manager"), Table2[[#This Row],[Overtime_Hours]]*350, ""))) -> 1500 | AB35: Low | AC35: =IF(COUNTIF(Table2[Emp_ID],Table2[[#This Row],[Emp_ID]])>1,"Duplicate","Unique") -> Unique | AD35: =_xlfn.TEXTJOIN("|",TRUE,Table2[[#This Row],[Emp_ID]:[Salary_Band]]) -> ZOM1188|Employee_188_India|27|M|M|Noida|Analytics|Senior Analyst|INR|INR|43000|12|12|516000|3|3|1|88|15|1|No|Hybrid|Hybrid|5|1500|Low | AE35: =IF(COUNTIFS(Table2[Emp_ID],Table2[[#This Row],[Emp_ID]],Table2[Row_Concat],Table2[[#This Row],[Row_Concat]])>1,"Exact Duplicate", IF(COUNTIF(Table2[Emp_ID],Table2[[#This Row],[Emp_ID]])>1,"Mismatch","Unique")) -> Unique | AF35: =ROW() -> 35 | AG35: =IF(Table2[[#This Row],[Monthly_Salary]]="","Exclude", IF(Table2[[#This Row],[Row_Status]]="Mismatch","Exclude", IF(AND(Table2[[#This Row],[Row_Status]]="Exact Duplicate", COUNTIFS(Table2[Emp_ID],Table2[[#This Row],[Emp_ID]],Table2[Row_Concat],Table2[[#This Row],[Row_Concat]], Table2[Row_Number],"<"&Table2[[#This Row],[Row_Number]])>=1),"Delete",""))) | AH35: =VLOOKUP(Table2[[#This Row],[Department]],Raw_2!A:B,2,0) -> Day | AI35: =VLOOKUP(Table2[[#This Row],[Department]],Raw_2!A:C,3,0) -> 25
A36: ZOM1655 | B36: Employee_55_Foreign | C36: 32 | D36: Male | E36: =IF(OR(Table2[[#This Row],[Gender]]="Male",Table2[[#This Row],[Gender]]="M"),"M", IF(OR(Table2[[#This Row],[Gender]]="Female",Table2[[#This Row],[Gender]]="F"),"F","")) -> M | F36: Bangalore | G36: Logistics | H36: Manager | I36: INR | J36: =IF(ISNUMBER(SEARCH("India",Table2[[#This Row],[Emp_Name]])),"INR", IF(ISNUMBER(SEARCH("Foreign",Table2[[#This Row],[Emp_Name]])),Table2[[#This Row],[Currency]],Table2[[#This Row],[Currency]])) -> INR | K36: 80000 | L36: 12 | M36: =IF(Table2[[#This Row],[Num_Month]]<>12,12,Table2[[#This Row],[Num_Month]]) -> 12 | N36: =IF(Table2[[#This Row],[Monthly_Salary]]="","",Table2[[#This Row],[Monthly_Salary]]*Table2[[#This Row],[Num_Month_Final]]) -> 960000 | O36: 8 | P36: =IF(Table2[[#This Row],[Exp_Years]]<0,ABS(Table2[[#This Row],[Exp_Years]]),Table2[[#This Row],[Exp_Years]]) -> 8 | Q36: 4 | S36: =IF(Table2[[#This Row],[Performance_Rating]]>=3,Table2[[#This Row],[Monthly_Salary]]*0.3,"") -> 24000 | T36: 90 | U36: 5 | V36: 7 | W36: Yes | X36: Office | Y36: =IF(Table2[[#This Row],[Work_Mode]]<>"",Table2[[#This Row],[Work_Mode]], IF(ISNUMBER(SEARCH("India",Table2[[#This Row],[Emp_Name]])),"Office", IF(ISNUMBER(SEARCH("Foreign",Table2[[#This Row],[Emp_Name]])),"Remote",""))) -> Office | Z36: 20 | AA36: =IF(OR(Table2[[#This Row],[Role]]="Intern",Table2[[#This Row],[Role]]="Administrative Assistant",Table2[[#This Row],[Role]]="Analyst"), Table2[[#This Row],[Overtime_Hours]]*250, IF(OR(Table2[[#This Row],[Role]]="Senior Analyst",Table2[[#This Row],[Role]]="Specialist",Table2[[#This Row],[Role]]="Lead Analyst"), Table2[[#This Row],[Overtime_Hours]]*300, IF(OR(Table2[[#This Row],[Role]]="Manager",Table2[[#This Row],[Role]]="Senior Manager"), Table2[[#This Row],[Overtime_Hours]]*350, ""))) -> 7000 | AB36: Medium | AC36: =IF(COUNTIF(Table2[Emp_ID],Table2[[#This Row],[Emp_ID]])>1,"Duplicate","Unique") -> Unique | AD36: =_xlfn.TEXTJOIN("|",TRUE,Table2[[#This Row],[Emp_ID]:[Salary_Band]]) -> ZOM1655|Employee_55_Foreign|32|Male|M|Bangalore|Logistics|Manager|INR|INR|80000|12|12|960000|8|8|4|24000|90|5|7|Yes|Office|Office|20|7000|Medium | AE36: =IF(COUNTIFS(Table2[Emp_ID],Table2[[#This Row],[Emp_ID]],Table2[Row_Concat],Table2[[#This Row],[Row_Concat]])>1,"Exact Duplicate", IF(COUNTIF(Table2[Emp_ID],Table2[[#This Row],[Emp_ID]])>1,"Mismatch","Unique")) -> Unique | AF36: =ROW() -> 36 | AG36: =IF(Table2[[#This Row],[Monthly_Salary]]="","Exclude", IF(Table2[[#This Row],[Row_Status]]="Mismatch","Exclude", IF(AND(Table2[[#This Row],[Row_Status]]="Exact Duplicate", COUNTIFS(Table2[Emp_ID],Table2[[#This Row],[Emp_ID]],Table2[Row_Concat],Table2[[#This Row],[Row_Concat]], Table2[Row_Number],"<"&Table2[[#This Row],[Row_Number]])>=1),"Delete",""))) | AH36: =VLOOKUP(Table2[[#This Row],[Department]],Raw_2!A:B,2,0) -> Night | AI36: =VLOOKUP(Table2[[#This Row],[Department]],Raw_2!A:C,3,0) -> 13
A37: ZOM1098 | B37: Employee_98_India | C37: 29 | E37: =IF(OR(Table2[[#This Row],[Gender]]="Male",Table2[[#This Row],[Gender]]="M"),"M", IF(OR(Table2[[#This Row],[Gender]]="Female",Table2[[#This Row],[Gender]]="F"),"F","")) | F37: Kolkata | G37: Logistics | H37: Lead Analyst | I37: INR | J37: =IF(ISNUMBER(SEARCH("India",Table2[[#This Row],[Emp_Name]])),"INR", IF(ISNUMBER(SEARCH("Foreign",Table2[[#This Row],[Emp_Name]])),Table2[[#This Row],[Currency]],Table2[[#This Row],[Currency]])) -> INR | K37: 78000 | L37: 12 | M37: =IF(Table2[[#This Row],[Num_Month]]<>12,12,Table2[[#This Row],[Num_Month]]) -> 12 | N37: =IF(Table2[[#This Row],[Monthly_Salary]]="","",Table2[[#This Row],[Monthly_Salary]]*Table2[[#This Row],[Num_Month_Final]]) -> 936000 | O37: 5 | P37: =IF(Table2[[#This Row],[Exp_Years]]<0,ABS(Table2[[#This Row],[Exp_Years]]),Table2[[#This Row],[Exp_Years]]) -> 5 | Q37: 1 | S37: =IF(Table2[[#This Row],[Performance_Rating]]>=3,Table2[[#This Row],[Monthly_Salary]]*0.3,"") | T37: 85 | U37: 10 | V37: 1 | X37: Hybrid | Y37: =IF(Table2[[#This Row],[Work_Mode]]<>"",Table2[[#This Row],[Work_Mode]], IF(ISNUMBER(SEARCH("India",Table2[[#This Row],[Emp_Name]])),"Office", IF(ISNUMBER(SEARCH("Foreign",Table2[[#This Row],[Emp_Name]])),"Remote",""))) -> Hybrid | Z37: 20 | AA37: =IF(OR(Table2[[#This Row],[Role]]="Intern",Table2[[#This Row],[Role]]="Administrative Assistant",Table2[[#This Row],[Role]]="Analyst"), Table2[[#This Row],[Overtime_Hours]]*250, IF(OR(Table2[[#This Row],[Role]]="Senior Analyst",Table2[[#This Row],[Role]]="Specialist",Table2[[#This Row],[Role]]="Lead Analyst"), Table2[[#This Row],[Overtime_Hours]]*300, IF(OR(Table2[[#This Row],[Role]]="Manager",Table2[[#This Row],[Role]]="Senior Manager"), Table2[[#This Row],[Overtime_Hours]]*350, ""))) -> 6000 | AB37: Low | AC37: =IF(COUNTIF(Table2[Emp_ID],Table2[[#This Row],[Emp_ID]])>1,"Duplicate","Unique") -> Unique | AD37: =_xlfn.TEXTJOIN("|",TRUE,Table2[[#This Row],[Emp_ID]:[Salary_Band]]) -> ZOM1098|Employee_98_India|29|Kolkata|Logistics|Lead Analyst|INR|INR|78000|12|12|936000|5|5|1|85|10|1|Hybrid|Hybrid|20|6000|Low | AE37: =IF(COUNTIFS(Table2[Emp_ID],Table2[[#This Row],[Emp_ID]],Table2[Row_Concat],Table2[[#This Row],[Row_Concat]])>1,"Exact Duplicate", IF(COUNTIF(Table2[Emp_ID],Table2[[#This Row],[Emp_ID]])>1,"Mismatch","Unique")) -> Unique | AF37: =ROW() -> 37 | AG37: =IF(Table2[[#This Row],[Monthly_Salary]]="","Exclude", IF(Table2[[#This Row],[Row_Status]]="Mismatch","Exclude", IF(AND(Table2[[#This Row],[Row_Status]]="Exact Duplicate", COUNTIFS(Table2[Emp_ID],Table2[[#This Row],[Emp_ID]],Table2[Row_Concat],Table2[[#This Row],[Row_Concat]], Table2[Row_Number],"<"&Table2[[#This Row],[Row_Number]])>=1),"Delete",""))) | AH37: =VLOOKUP(Table2[[#This Row],[Department]],Raw_2!A:B,2,0) -> Night | AI37: =VLOOKUP(Table2[[#This Row],[Department]],Raw_2!A:C,3,0) -> 13
A38: ZOM1040 | B38: Employee_40_India | C38: 38 | E38: =IF(OR(Table2[[#This Row],[Gender]]="Male",Table2[[#This Row],[Gender]]="M"),"M", IF(OR(Table2[[#This Row],[Gender]]="Female",Table2[[#This Row],[Gender]]="F"),"F","")) | F38: Delhi | G38: Logistics | H38: Director | I38: INR | J38: =IF(ISNUMBER(SEARCH("India",Table2[[#This Row],[Emp_Name]])),"INR", IF(ISNUMBER(SEARCH("Foreign",Table2[[#This Row],[Emp_Name]])),Table2[[#This Row],[Currency]],Table2[[#This Row],[Currency]])) -> INR | K38: 110000 | L38: 12 | M38: =IF(Table2[[#This Row],[Num_Month]]<>12,12,Table2[[#This Row],[Num_Month]]) -> 12 | N38: =IF(Table2[[#This Row],[Monthly_Salary]]="","",Table2[[#This Row],[Monthly_Salary]]*Table2[[#This Row],[Num_Month_Final]]) -> 1320000 | O38: 11 | P38: =IF(Table2[[#This Row],[Exp_Years]]<0,ABS(Table2[[#This Row],[Exp_Years]]),Table2[[#This Row],[Exp_Years]]) -> 11 | Q38: 5 | R38: 65000 | S38: =IF(Table2[[#This Row],[Performance_Rating]]>=3,Table2[[#This Row],[Monthly_Salary]]*0.3,"") -> 33000 | T38: 95 | U38: 10 | V38: 5 | W38: Yes | X38: Hybrid | Y38: =IF(Table2[[#This Row],[Work_Mode]]<>"",Table2[[#This Row],[Work_Mode]], IF(ISNUMBER(SEARCH("India",Table2[[#This Row],[Emp_Name]])),"Office", IF(ISNUMBER(SEARCH("Foreign",Table2[[#This Row],[Emp_Name]])),"Remote",""))) -> Hybrid | AA38: =IF(OR(Table2[[#This Row],[Role]]="Intern",Table2[[#This Row],[Role]]="Administrative Assistant",Table2[[#This Row],[Role]]="Analyst"), Table2[[#This Row],[Overtime_Hours]]*250, IF(OR(Table2[[#This Row],[Role]]="Senior Analyst",Table2[[#This Row],[Role]]="Specialist",Table2[[#This Row],[Role]]="Lead Analyst"), Table2[[#This Row],[Overtime_Hours]]*300, IF(OR(Table2[[#This Row],[Role]]="Manager",Table2[[#This Row],[Role]]="Senior Manager"), Table2[[#This Row],[Overtime_Hours]]*350, ""))) | AB38: High | AC38: =IF(COUNTIF(Table2[Emp_ID],Table2[[#This Row],[Emp_ID]])>1,"Duplicate","Unique") -> Unique | AD38: =_xlfn.TEXTJOIN("|",TRUE,Table2[[#This Row],[Emp_ID]:[Salary_Band]]) -> ZOM1040|Employee_40_India|38|Delhi|Logistics|Director|INR|INR|110000|12|12|1320000|11|11|5|65000|33000|95|10|5|Yes|Hybrid|Hybrid|High | AE38: =IF(COUNTIFS(Table2[Emp_ID],Table2[[#This Row],[Emp_ID]],Table2[Row_Concat],Table2[[#This Row],[Row_Concat]])>1,"Exact Duplicate", IF(COUNTIF(Table2[Emp_ID],Table2[[#This Row],[Emp_ID]])>1,"Mismatch","Unique")) -> Unique | AF38: =ROW() -> 38 | AG38: =IF(Table2[[#This Row],[Monthly_Salary]]="","Exclude", IF(Table2[[#This Row],[Row_Status]]="Mismatch","Exclude", IF(AND(Table2[[#This Row],[Row_Status]]="Exact Duplicate", COUNTIFS(Table2[Emp_ID],Table2[[#This Row],[Emp_ID]],Table2[Row_Concat],Table2[[#This Row],[Row_Concat]], Table2[Row_Number],"<"&Table2[[#This Row],[Row_Number]])>=1),"Delete",""))) | AH38: =VLOOKUP(Table2[[#This Row],[Department]],Raw_2!A:B,2,0) -> Night | AI38: =VLOOKUP(Table2[[#This Row],[Department]],Raw_2!A:C,3,0) -> 13
A39: ZOM1273 | B39: Employee_273_India | C39: 38 | D39: F | E39: =IF(OR(Table2[[#This Row],[Gender]]="Male",Table2[[#This Row],[Gender]]="M"),"M", IF(OR(Table2[[#This Row],[Gender]]="Female",Table2[[#This Row],[Gender]]="F"),"F","")) -> F | F39: Mumbai | G39: HR | H39: Director | I39: INR | J39: =IF(ISNUMBER(SEARCH("India",Table2[[#This Row],[Emp_Name]])),"INR", IF(ISNUMBER(SEARCH("Foreign",Table2[[#This Row],[Emp_Name]])),Table2[[#This Row],[Currency]],Table2[[#This Row],[Currency]])) -> INR | K39: 99000 | L39: 12 | M39: =IF(Table2[[#This Row],[Num_Month]]<>12,12,Table2[[#This Row],[Num_Month]]) -> 12 | N39: =IF(Table2[[#This Row],[Monthly_Salary]]="","",Table2[[#This Row],[Monthly_Salary]]*Table2[[#This Row],[Num_Month_Final]]) -> 1188000 | O39: 13 | P39: =IF(Table2[[#This Row],[Exp_Years]]<0,ABS(Table2[[#This Row],[Exp_Years]]),Table2[[#This Row],[Exp_Years]]) -> 13 | Q39: 4 | R39: 58000 | S39: =IF(Table2[[#This Row],[Performance_Rating]]>=3,Table2[[#This Row],[Monthly_Salary]]*0.3,"") -> 29700 | T39: 90 | U39: 7 | V39: 2 | W39: Yes | X39: Hybrid | Y39: =IF(Table2[[#This Row],[Work_Mode]]<>"",Table2[[#This Row],[Work_Mode]], IF(ISNUMBER(SEARCH("India",Table2[[#This Row],[Emp_Name]])),"Office", IF(ISNUMBER(SEARCH("Foreign",Table2[[#This Row],[Emp_Name]])),"Remote",""))) -> Hybrid | AA39: =IF(OR(Table2[[#This Row],[Role]]="Intern",Table2[[#This Row],[Role]]="Administrative Assistant",Table2[[#This Row],[Role]]="Analyst"), Table2[[#This Row],[Overtime_Hours]]*250, IF(OR(Table2[[#This Row],[Role]]="Senior Analyst",Table2[[#This Row],[Role]]="Specialist",Table2[[#This Row],[Role]]="Lead Analyst"), Table2[[#This Row],[Overtime_Hours]]*300, IF(OR(Table2[[#This Row],[Role]]="Manager",Table2[[#This Row],[Role]]="Senior Manager"), Table2[[#This Row],[Overtime_Hours]]*350, ""))) | AB39: Medium | AC39: =IF(COUNTIF(Table2[Emp_ID],Table2[[#This Row],[Emp_ID]])>1,"Duplicate","Unique") -> Unique | AD39: =_xlfn.TEXTJOIN("|",TRUE,Table2[[#This Row],[Emp_ID]:[Salary_Band]]) -> ZOM1273|Employee_273_India|38|F|F|Mumbai|HR|Director|INR|INR|99000|12|12|1188000|13|13|4|58000|29700|90|7|2|Yes|Hybrid|Hybrid|Medium | AE39: =IF(COUNTIFS(Table2[Emp_ID],Table2[[#This Row],[Emp_ID]],Table2[Row_Concat],Table2[[#This Row],[Row_Concat]])>1,"Exact Duplicate", IF(COUNTIF(Table2[Emp_ID],Table2[[#This Row],[Emp_ID]])>1,"Mismatch","Unique")) -> Unique | AF39: =ROW() -> 39 | AG39: =IF(Table2[[#This Row],[Monthly_Salary]]="","Exclude", IF(Table2[[#This Row],[Row_Status]]="Mismatch","Exclude", IF(AND(Table2[[#This Row],[Row_Status]]="Exact Duplicate", COUNTIFS(Table2[Emp_ID],Table2[[#This Row],[Emp_ID]],Table2[Row_Concat],Table2[[#This Row],[Row_Concat]], Table2[Row_Number],"<"&Table2[[#This Row],[Row_Number]])>=1),"Delete",""))) | AH39: =VLOOKUP(Table2[[#This Row],[Department]],Raw_2!A:B,2,0) -> Day | AI39: =VLOOKUP(Table2[[#This Row],[Department]],Raw_2!A:C,3,0) -> 10
A40: ZOM1045 | B40: Employee_45_India | C40: 27 | D40: Female | E40: =IF(OR(Table2[[#This Row],[Gender]]="Male",Table2[[#This Row],[Gender]]="M"),"M", IF(OR(Table2[[#This Row],[Gender]]="Female",Table2[[#This Row],[Gender]]="F"),"F","")) -> F | F40: Chennai | G40: Logistics | H40: Lead Analyst | I40: INR | J40: =IF(ISNUMBER(SEARCH("India",Table2[[#This Row],[Emp_Name]])),"INR", IF(ISNUMBER(SEARCH("Foreign",Table2[[#This Row],[Emp_Name]])),Table2[[#This Row],[Currency]],Table2[[#This Row],[Currency]])) -> INR | K40: 79000 | L40: 12 | M40: =IF(Table2[[#This Row],[Num_Month]]<>12,12,Table2[[#This Row],[Num_Month]]) -> 12 | N40: =IF(Table2[[#This Row],[Monthly_Salary]]="","",Table2[[#This Row],[Monthly_Salary]]*Table2[[#This Row],[Num_Month_Final]]) -> 948000 | O40: 6 | P40: =IF(Table2[[#This Row],[Exp_Years]]<0,ABS(Table2[[#This Row],[Exp_Years]]),Table2[[#This Row],[Exp_Years]]) -> 6 | Q40: 4 | R40: 10871 | S40: =IF(Table2[[#This Row],[Performance_Rating]]>=3,Table2[[#This Row],[Monthly_Salary]]*0.3,"") -> 23700 | T40: 87 | U40: 15 | V40: 2 | W40: Yes | X40: Office | Y40: =IF(Table2[[#This Row],[Work_Mode]]<>"",Table2[[#This Row],[Work_Mode]], IF(ISNUMBER(SEARCH("India",Table2[[#This Row],[Emp_Name]])),"Office", IF(ISNUMBER(SEARCH("Foreign",Table2[[#This Row],[Emp_Name]])),"Remote",""))) -> Office | Z40: 10 | AA40: =IF(OR(Table2[[#This Row],[Role]]="Intern",Table2[[#This Row],[Role]]="Administrative Assistant",Table2[[#This Row],[Role]]="Analyst"), Table2[[#This Row],[Overtime_Hours]]*250, IF(OR(Table2[[#This Row],[Role]]="Senior Analyst",Table2[[#This Row],[Role]]="Specialist",Table2[[#This Row],[Role]]="Lead Analyst"), Table2[[#This Row],[Overtime_Hours]]*300, IF(OR(Table2[[#This Row],[Role]]="Manager",Table2[[#This Row],[Role]]="Senior Manager"), Table2[[#This Row],[Overtime_Hours]]*350, ""))) -> 3000 | AB40: High | AC40: =IF(COUNTIF(Table2[Emp_ID],Table2[[#This Row],[Emp_ID]])>1,"Duplicate","Unique") -> Unique | AD40: =_xlfn.TEXTJOIN("|",TRUE,Table2[[#This Row],[Emp_ID]:[Salary_Band]]) -> ZOM1045|Employee_45_India|27|Female|F|Chennai|Logistics|Lead Analyst|INR|INR|79000|12|12|948000|6|6|4|10871|23700|87|15|2|Yes|Office|Office|10|3000|High | AE40: =IF(COUNTIFS(Table2[Emp_ID],Table2[[#This Row],[Emp_ID]],Table2[Row_Concat],Table2[[#This Row],[Row_Concat]])>1,"Exact Duplicate", IF(COUNTIF(Table2[Emp_ID],Table2[[#This Row],[Emp_ID]])>1,"Mismatch","Unique")) -> Unique | AF40: =ROW() -> 40 | AG40: =IF(Table2[[#This Row],[Monthly_Salary]]="","Exclude", IF(Table2[[#This Row],[Row_Status]]="Mismatch","Exclude", IF(AND(Table2[[#This Row],[Row_Status]]="Exact Duplicate", COUNTIFS(Table2[Emp_ID],Table2[[#This Row],[Emp_ID]],Table2[Row_Concat],Table2[[#This Row],[Row_Concat]], Table2[Row_Number],"<"&Table2[[#This Row],[Row_Number]])>=1),"Delete",""))) | AH40: =VLOOKUP(Table2[[#This Row],[Department]],Raw_2!A:B,2,0) -> Night | AI40: =VLOOKUP(Table2[[#This Row],[Department]],Raw_2!A:C,3,0) -> 13
A41: ZOM1161 | B41: Employee_161_India | C41: 42 | D41: M | E41: =IF(OR(Table2[[#This Row],[Gender]]="Male",Table2[[#This Row],[Gender]]="M"),"M", IF(OR(Table2[[#This Row],[Gender]]="Female",Table2[[#This Row],[Gender]]="F"),"F","")) -> M | F41: Hyderabad | G41: Logistics | H41: Director | I41: INR | J41: =IF(ISNUMBER(SEARCH("India",Table2[[#This Row],[Emp_Name]])),"INR", IF(ISNUMBER(SEARCH("Foreign",Table2[[#This Row],[Emp_Name]])),Table2[[#This Row],[Currency]],Table2[[#This Row],[Currency]])) -> INR | K41: 100000 | L41: 12 | M41: =IF(Table2[[#This Row],[Num_Month]]<>12,12,Table2[[#This Row],[Num_Month]]) -> 12 | N41: =IF(Table2[[#This Row],[Monthly_Salary]]="","",Table2[[#This Row],[Monthly_Salary]]*Table2[[#This Row],[Num_Month_Final]]) -> 1200000 | O41: 11 | P41: =IF(Table2[[#This Row],[Exp_Years]]<0,ABS(Table2[[#This Row],[Exp_Years]]),Table2[[#This Row],[Exp_Years]]) -> 11 | Q41: 4 | R41: 44461 | S41: =IF(Table2[[#This Row],[Performance_Rating]]>=3,Table2[[#This Row],[Monthly_Salary]]*0.3,"") -> 30000 | T41: 85 | U41: 10 | V41: 2 | W41: No | X41: Hybrid | Y41: =IF(Table2[[#This Row],[Work_Mode]]<>"",Table2[[#This Row],[Work_Mode]], IF(ISNUMBER(SEARCH("India",Table2[[#This Row],[Emp_Name]])),"Office", IF(ISNUMBER(SEARCH("Foreign",Table2[[#This Row],[Emp_Name]])),"Remote",""))) -> Hybrid | AA41: =IF(OR(Table2[[#This Row],[Role]]="Intern",Table2[[#This Row],[Role]]="Administrative Assistant",Table2[[#This Row],[Role]]="Analyst"), Table2[[#This Row],[Overtime_Hours]]*250, IF(OR(Table2[[#This Row],[Role]]="Senior Analyst",Table2[[#This Row],[Role]]="Specialist",Table2[[#This Row],[Role]]="Lead Analyst"), Table2[[#This Row],[Overtime_Hours]]*300, IF(OR(Table2[[#This Row],[Role]]="Manager",Table2[[#This Row],[Role]]="Senior Manager"), Table2[[#This Row],[Overtime_Hours]]*350, ""))) | AB41: High | AC41: =IF(COUNTIF(Table2[Emp_ID],Table2[[#This Row],[Emp_ID]])>1,"Duplicate","Unique") -> Unique | AD41: =_xlfn.TEXTJOIN("|",TRUE,Table2[[#This Row],[Emp_ID]:[Salary_Band]]) -> ZOM1161|Employee_161_India|42|M|M|Hyderabad|Logistics|Director|INR|INR|100000|12|12|1200000|11|11|4|44461|30000|85|10|2|No|Hybrid|Hybrid|High | AE41: =IF(COUNTIFS(Table2[Emp_ID],Table2[[#This Row],[Emp_ID]],Table2[Row_Concat],Table2[[#This Row],[Row_Concat]])>1,"Exact Duplicate", IF(COUNTIF(Table2[Emp_ID],Table2[[#This Row],[Emp_ID]])>1,"Mismatch","Unique")) -> Unique | AF41: =ROW() -> 41 | AG41: =IF(Table2[[#This Row],[Monthly_Salary]]="","Exclude", IF(Table2[[#This Row],[Row_Status]]="Mismatch","Exclude", IF(AND(Table2[[#This Row],[Row_Status]]="Exact Duplicate", COUNTIFS(Table2[Emp_ID],Table2[[#This Row],[Emp_ID]],Table2[Row_Concat],Table2[[#This Row],[Row_Concat]], Table2[Row_Number],"<"&Table2[[#This Row],[Row_Number]])>=1),"Delete",""))) | AH41: =VLOOKUP(Table2[[#This Row],[Department]],Raw_2!A:B,2,0) -> Night | AI41: =VLOOKUP(Table2[[#This Row],[Department]],Raw_2!A:C,3,0) -> 13
A42: ZOM1612 | B42: Employee_12_Foreign | C42: 28 | D42: Female | E42: =IF(OR(Table2[[#This Row],[Gender]]="Male",Table2[[#This Row],[Gender]]="M"),"M", IF(OR(Table2[[#This Row],[Gender]]="Female",Table2[[#This Row],[Gender]]="F"),"F","")) -> F | F42: Bangalore | G42: HR | H42: Lead Analyst | I42: USD | J42: =IF(ISNUMBER(SEARCH("India",Table2[[#This Row],[Emp_Name]])),"INR", IF(ISNUMBER(SEARCH("Foreign",Table2[[#This Row],[Emp_Name]])),Table2[[#This Row],[Currency]],Table2[[#This Row],[Currency]])) -> USD | K42: 80000 | L42: 12 | M42: =IF(Table2[[#This Row],[Num_Month]]<>12,12,Table2[[#This Row],[Num_Month]]) -> 12 | N42: =IF(Table2[[#This Row],[Monthly_Salary]]="","",Table2[[#This Row],[Monthly_Salary]]*Table2[[#This Row],[Num_Month_Final]]) -> 960000 | O42: 6 | P42: =IF(Table2[[#This Row],[Exp_Years]]<0,ABS(Table2[[#This Row],[Exp_Years]]),Table2[[#This Row],[Exp_Years]]) -> 6 | Q42: 2 | S42: =IF(Table2[[#This Row],[Performance_Rating]]>=3,Table2[[#This Row],[Monthly_Salary]]*0.3,"") | T42: 80 | U42: 5 | V42: 5 | X42: Remote | Y42: =IF(Table2[[#This Row],[Work_Mode]]<>"",Table2[[#This Row],[Work_Mode]], IF(ISNUMBER(SEARCH("India",Table2[[#This Row],[Emp_Name]])),"Office", IF(ISNUMBER(SEARCH("Foreign",Table2[[#This Row],[Emp_Name]])),"Remote",""))) -> Remote | Z42: 5 | AA42: =IF(OR(Table2[[#This Row],[Role]]="Intern",Table2[[#This Row],[Role]]="Administrative Assistant",Table2[[#This Row],[Role]]="Analyst"), Table2[[#This Row],[Overtime_Hours]]*250, IF(OR(Table2[[#This Row],[Role]]="Senior Analyst",Table2[[#This Row],[Role]]="Specialist",Table2[[#This Row],[Role]]="Lead Analyst"), Table2[[#This Row],[Overtime_Hours]]*300, IF(OR(Table2[[#This Row],[Role]]="Manager",Table2[[#This Row],[Role]]="Senior Manager"), Table2[[#This Row],[Overtime_Hours]]*350, ""))) -> 1500 | AB42: Low | AC42: =IF(COUNTIF(Table2[Emp_ID],Table2[[#This Row],[Emp_ID]])>1,"Duplicate","Unique") -> Unique | AD42: =_xlfn.TEXTJOIN("|",TRUE,Table2[[#This Row],[Emp_ID]:[Salary_Band]]) -> ZOM1612|Employee_12_Foreign|28|Female|F|Bangalore|HR|Lead Analyst|USD|USD|80000|12|12|960000|6|6|2|80|5|5|Remote|Remote|5|1500|Low | AE42: =IF(COUNTIFS(Table2[Emp_ID],Table2[[#This Row],[Emp_ID]],Table2[Row_Concat],Table2[[#This Row],[Row_Concat]])>1,"Exact Duplicate", IF(COUNTIF(Table2[Emp_ID],Table2[[#This Row],[Emp_ID]])>1,"Mismatch","Unique")) -> Unique | AF42: =ROW() -> 42 | AG42: =IF(Table2[[#This Row],[Monthly_Salary]]="","Exclude", IF(Table2[[#This Row],[Row_Status]]="Mismatch","Exclude", IF(AND(Table2[[#This Row],[Row_Status]]="Exact Duplicate", COUNTIFS(Table2[Emp_ID],Table2[[#This Row],[Emp_ID]],Table2[Row_Concat],Table2[[#This Row],[Row_Concat]], Table2[Row_Number],"<"&Table2[[#This Row],[Row_Number]])>=1),"Delete",""))) | AH42: =VLOOKUP(Table2[[#This Row],[Department]],Raw_2!A:B,2,0) -> Day | AI42: =VLOOKUP(Table2[[#This Row],[Department]],Raw_2!A:C,3,0) -> 10
A43: ZOM1268 | B43: Employee_268_India | C43: 27 | D43: M | E43: =IF(OR(Table2[[#This Row],[Gender]]="Male",Table2[[#This Row],[Gender]]="M"),"M", IF(OR(Table2[[#This Row],[Gender]]="Female",Table2[[#This Row],[Gender]]="F"),"F","")) -> M | F43: Mumbai | G43: Customer Support | H43: Senior Analyst | I43: INR | J43: =IF(ISNUMBER(SEARCH("India",Table2[[#This Row],[Emp_Name]])),"INR", IF(ISNUMBER(SEARCH("Foreign",Table2[[#This Row],[Emp_Name]])),Table2[[#This Row],[Currency]],Table2[[#This Row],[Currency]])) -> INR | K43: 48000 | L43: 12 | M43: =IF(Table2[[#This Row],[Num_Month]]<>12,12,Table2[[#This Row],[Num_Month]]) -> 12 | N43: =IF(Table2[[#This Row],[Monthly_Salary]]="","",Table2[[#This Row],[Monthly_Salary]]*Table2[[#This Row],[Num_Month_Final]]) -> 576000 | O43: 4 | P43: =IF(Table2[[#This Row],[Exp_Years]]<0,ABS(Table2[[#This Row],[Exp_Years]]),Table2[[#This Row],[Exp_Years]]) -> 4 | Q43: 2 | S43: =IF(Table2[[#This Row],[Performance_Rating]]>=3,Table2[[#This Row],[Monthly_Salary]]*0.3,"") | T43: 95 | U43: 5 | V43: 13 | X43: Hybrid | Y43: =IF(Table2[[#This Row],[Work_Mode]]<>"",Table2[[#This Row],[Work_Mode]], IF(ISNUMBER(SEARCH("India",Table2[[#This Row],[Emp_Name]])),"Office", IF(ISNUMBER(SEARCH("Foreign",Table2[[#This Row],[Emp_Name]])),"Remote",""))) -> Hybrid | Z43: 5 | AA43: =IF(OR(Table2[[#This Row],[Role]]="Intern",Table2[[#This Row],[Role]]="Administrative Assistant",Table2[[#This Row],[Role]]="Analyst"), Table2[[#This Row],[Overtime_Hours]]*250, IF(OR(Table2[[#This Row],[Role]]="Senior Analyst",Table2[[#This Row],[Role]]="Specialist",Table2[[#This Row],[Role]]="Lead Analyst"), Table2[[#This Row],[Overtime_Hours]]*300, IF(OR(Table2[[#This Row],[Role]]="Manager",Table2[[#This Row],[Role]]="Senior Manager"), Table2[[#This Row],[Overtime_Hours]]*350, ""))) -> 1500 | AB43: Low | AC43: =IF(COUNTIF(Table2[Emp_ID],Table2[[#This Row],[Emp_ID]])>1,"Duplicate","Unique") -> Unique | AD43: =_xlfn.TEXTJOIN("|",TRUE,Table2[[#This Row],[Emp_ID]:[Salary_Band]]) -> ZOM1268|Employee_268_India|27|M|M|Mumbai|Customer Support|Senior Analyst|INR|INR|48000|12|12|576000|4|4|2|95|5|13|Hybrid|Hybrid|5|1500|Low | AE43: =IF(COUNTIFS(Table2[Emp_ID],Table2[[#This Row],[Emp_ID]],Table2[Row_Concat],Table2[[#This Row],[Row_Concat]])>1,"Exact Duplicate", IF(COUNTIF(Table2[Emp_ID],Table2[[#This Row],[Emp_ID]])>1,"Mismatch","Unique")) -> Unique | AF43: =ROW() -> 43 | AG43: =IF(Table2[[#This Row],[Monthly_Salary]]="","Exclude", IF(Table2[[#This Row],[Row_Status]]="Mismatch","Exclude", IF(AND(Table2[[#This Row],[Row_Status]]="Exact Duplicate", COUNTIFS(Table2[Emp_ID],Table2[[#This Row],[Emp_ID]],Table2[Row_Concat],Table2[[#This Row],[Row_Concat]], Table2[Row_Number],"<"&Table2[[#This Row],[Row_Number]])>=1),"Delete",""))) | AH43: =VLOOKUP(Table2[[#This Row],[Department]],Raw_2!A:B,2,0) -> Day | AI43: =VLOOKUP(Table2[[#This Row],[Department]],Raw_2!A:C,3,0) -> 12
A44: ZOM1481 | B44: Employee_481_India | C44: 27 | E44: =IF(OR(Table2[[#This Row],[Gender]]="Male",Table2[[#This Row],[Gender]]="M"),"M", IF(OR(Table2[[#This Row],[Gender]]="Female",Table2[[#This Row],[Gender]]="F"),"F","")) | F44: Delhi | G44: Logistics | H44: Senior Analyst | I44: INR | J44: =IF(ISNUMBER(SEARCH("India",Table2[[#This Row],[Emp_Name]])),"INR", IF(ISNUMBER(SEARCH("Foreign",Table2[[#This Row],[Emp_Name]])),Table2[[#This Row],[Currency]],Table2[[#This Row],[Currency]])) -> INR | K44: 35000 | L44: 12 | M44: =IF(Table2[[#This Row],[Num_Month]]<>12,12,Table2[[#This Row],[Num_Month]]) -> 12 | N44: =IF(Table2[[#This Row],[Monthly_Salary]]="","",Table2[[#This Row],[Monthly_Salary]]*Table2[[#This Row],[Num_Month_Final]]) -> 420000 | O44: 2 | P44: =IF(Table2[[#This Row],[Exp_Years]]<0,ABS(Table2[[#This Row],[Exp_Years]]),Table2[[#This Row],[Exp_Years]]) -> 2 | Q44: 5 | R44: 21000 | S44: =IF(Table2[[#This Row],[Performance_Rating]]>=3,Table2[[#This Row],[Monthly_Salary]]*0.3,"") -> 10500 | T44: 80 | U44: 7 | V44: 10 | X44: Office | Y44: =IF(Table2[[#This Row],[Work_Mode]]<>"",Table2[[#This Row],[Work_Mode]], IF(ISNUMBER(SEARCH("India",Table2[[#This Row],[Emp_Name]])),"Office", IF(ISNUMBER(SEARCH("Foreign",Table2[[#This Row],[Emp_Name]])),"Remote",""))) -> Office | Z44: 20 | AA44: =IF(OR(Table2[[#This Row],[Role]]="Intern",Table2[[#This Row],[Role]]="Administrative Assistant",Table2[[#This Row],[Role]]="Analyst"), Table2[[#This Row],[Overtime_Hours]]*250, IF(OR(Table2[[#This Row],[Role]]="Senior Analyst",Table2[[#This Row],[Role]]="Specialist",Table2[[#This Row],[Role]]="Lead Analyst"), Table2[[#This Row],[Overtime_Hours]]*300, IF(OR(Table2[[#This Row],[Role]]="Manager",Table2[[#This Row],[Role]]="Senior Manager"), Table2[[#This Row],[Overtime_Hours]]*350, ""))) -> 6000 | AB44: High | AC44: =IF(COUNTIF(Table2[Emp_ID],Table2[[#This Row],[Emp_ID]])>1,"Duplicate","Unique") -> Unique | AD44: =_xlfn.TEXTJOIN("|",TRUE,Table2[[#This Row],[Emp_ID]:[Salary_Band]]) -> ZOM1481|Employee_481_India|27|Delhi|Logistics|Senior Analyst|INR|INR|35000|12|12|420000|2|2|5|21000|10500|80|7|10|Office|Office|20|6000|High | AE44: =IF(COUNTIFS(Table2[Emp_ID],Table2[[#This Row],[Emp_ID]],Table2[Row_Concat],Table2[[#This Row],[Row_Concat]])>1,"Exact Duplicate", IF(COUNTIF(Table2[Emp_ID],Table2[[#This Row],[Emp_ID]])>1,"Mismatch","Unique")) -> Unique | AF44: =ROW() -> 44 | AG44: =IF(Table2[[#This Row],[Monthly_Salary]]="","Exclude", IF(Table2[[#This Row],[Row_Status]]="Mismatch","Exclude", IF(AND(Table2[[#This Row],[Row_Status]]="Exact Duplicate", COUNTIFS(Table2[Emp_ID],Table2[[#This Row],[Emp_ID]],Table2[Row_Concat],Table2[[#This Row],[Row_Concat]], Table2[Row_Number],"<"&Table2[[#This Row],[Row_Number]])>=1),"Delete",""))) | AH44: =VLOOKUP(Table2[[#This Row],[Department]],Raw_2!A:B,2,0) -> Night | AI44: =VLOOKUP(Table2[[#This Row],[Department]],Raw_2!A:C,3,0) -> 13
A45: ZOM1071 | B45: Employee_71_India | C45: 25 | D45: M | E45: =IF(OR(Table2[[#This Row],[Gender]]="Male",Table2[[#This Row],[Gender]]="M"),"M", IF(OR(Table2[[#This Row],[Gender]]="Female",Table2[[#This Row],[Gender]]="F"),"F","")) -> M | F45: Mumbai | G45: Logistics | H45: Lead Analyst | I45: USD | J45: =IF(ISNUMBER(SEARCH("India",Table2[[#This Row],[Emp_Name]])),"INR", IF(ISNUMBER(SEARCH("Foreign",Table2[[#This Row],[Emp_Name]])),Table2[[#This Row],[Currency]],Table2[[#This Row],[Currency]])) -> INR | K45: 78000 | L45: 12 | M45: =IF(Table2[[#This Row],[Num_Month]]<>12,12,Table2[[#This Row],[Num_Month]]) -> 12 | N45: =IF(Table2[[#This Row],[Monthly_Salary]]="","",Table2[[#This Row],[Monthly_Salary]]*Table2[[#This Row],[Num_Month_Final]]) -> 936000 | O45: 6 | P45: =IF(Table2[[#This Row],[Exp_Years]]<0,ABS(Table2[[#This Row],[Exp_Years]]),Table2[[#This Row],[Exp_Years]]) -> 6 | Q45: 2 | S45: =IF(Table2[[#This Row],[Performance_Rating]]>=3,Table2[[#This Row],[Monthly_Salary]]*0.3,"") | T45: 87 | U45: 10 | V45: 6 | W45: No | X45: Hybrid | Y45: =IF(Table2[[#This Row],[Work_Mode]]<>"",Table2[[#This Row],[Work_Mode]], IF(ISNUMBER(SEARCH("India",Table2[[#This Row],[Emp_Name]])),"Office", IF(ISNUMBER(SEARCH("Foreign",Table2[[#This Row],[Emp_Name]])),"Remote",""))) -> Hybrid | Z45: 10 | AA45: =IF(OR(Table2[[#This Row],[Role]]="Intern",Table2[[#This Row],[Role]]="Administrative Assistant",Table2[[#This Row],[Role]]="Analyst"), Table2[[#This Row],[Overtime_Hours]]*250, IF(OR(Table2[[#This Row],[Role]]="Senior Analyst",Table2[[#This Row],[Role]]="Specialist",Table2[[#This Row],[Role]]="Lead Analyst"), Table2[[#This Row],[Overtime_Hours]]*300, IF(OR(Table2[[#This Row],[Role]]="Manager",Table2[[#This Row],[Role]]="Senior Manager"), Table2[[#This Row],[Overtime_Hours]]*350, ""))) -> 3000 | AB45: Low | AC45: =IF(COUNTIF(Table2[Emp_ID],Table2[[#This Row],[Emp_ID]])>1,"Duplicate","Unique") -> Unique | AD45: =_xlfn.TEXTJOIN("|",TRUE,Table2[[#This Row],[Emp_ID]:[Salary_Band]]) -> ZOM1071|Employee_71_India|25|M|M|Mumbai|Logistics|Lead Analyst|USD|INR|78000|12|12|936000|6|6|2|87|10|6|No|Hybrid|Hybrid|10|3000|Low | AE45: =IF(COUNTIFS(Table2[Emp_ID],Table2[[#This Row],[Emp_ID]],Table2[Row_Concat],Table2[[#This Row],[Row_Concat]])>1,"Exact Duplicate", IF(COUNTIF(Table2[Emp_ID],Table2[[#This Row],[Emp_ID]])>1,"Mismatch","Unique")) -> Unique | AF45: =ROW() -> 45 | AG45: =IF(Table2[[#This Row],[Monthly_Salary]]="","Exclude", IF(Table2[[#This Row],[Row_Status]]="Mismatch","Exclude", IF(AND(Table2[[#This Row],[Row_Status]]="Exact Duplicate", COUNTIFS(Table2[Emp_ID],Table2[[#This Row],[Emp_ID]],Table2[Row_Concat],Table2[[#This Row],[Row_Concat]], Table2[Row_Number],"<"&Table2[[#This Row],[Row_Number]])>=1),"Delete",""))) | AH45: =VLOOKUP(Table2[[#This Row],[Department]],Raw_2!A:B,2,0) -> Night | AI45: =VLOOKUP(Table2[[#This Row],[Department]],Raw_2!A:C,3,0) -> 13
A46: ZOM1163 | B46: Employee_163_India | C46: 30 | D46: Female | E46: =IF(OR(Table2[[#This Row],[Gender]]="Male",Table2[[#This Row],[Gender]]="M"),"M", IF(OR(Table2[[#This Row],[Gender]]="Female",Table2[[#This Row],[Gender]]="F"),"F","")) -> F | F46: Pune | G46: Operations | H46: Lead Analyst | I46: INR | J46: =IF(ISNUMBER(SEARCH("India",Table2[[#This Row],[Emp_Name]])),"INR", IF(ISNUMBER(SEARCH("Foreign",Table2[[#This Row],[Emp_Name]])),Table2[[#This Row],[Currency]],Table2[[#This Row],[Currency]])) -> INR | K46: 78000 | L46: 12 | M46: =IF(Table2[[#This Row],[Num_Month]]<>12,12,Table2[[#This Row],[Num_Month]]) -> 12 | N46: =IF(Table2[[#This Row],[Monthly_Salary]]="","",Table2[[#This Row],[Monthly_Salary]]*Table2[[#This Row],[Num_Month_Final]]) -> 936000 | O46: 6 | P46: =IF(Table2[[#This Row],[Exp_Years]]<0,ABS(Table2[[#This Row],[Exp_Years]]),Table2[[#This Row],[Exp_Years]]) -> 6 | Q46: 4 | R46: 10871 | S46: =IF(Table2[[#This Row],[Performance_Rating]]>=3,Table2[[#This Row],[Monthly_Salary]]*0.3,"") -> 23400 | T46: 80 | U46: 7 | V46: 1 | X46: Hybrid | Y46: =IF(Table2[[#This Row],[Work_Mode]]<>"",Table2[[#This Row],[Work_Mode]], IF(ISNUMBER(SEARCH("India",Table2[[#This Row],[Emp_Name]])),"Office", IF(ISNUMBER(SEARCH("Foreign",Table2[[#This Row],[Emp_Name]])),"Remote",""))) -> Hybrid | AA46: =IF(OR(Table2[[#This Row],[Role]]="Intern",Table2[[#This Row],[Role]]="Administrative Assistant",Table2[[#This Row],[Role]]="Analyst"), Table2[[#This Row],[Overtime_Hours]]*250, IF(OR(Table2[[#This Row],[Role]]="Senior Analyst",Table2[[#This Row],[Role]]="Specialist",Table2[[#This Row],[Role]]="Lead Analyst"), Table2[[#This Row],[Overtime_Hours]]*300, IF(OR(Table2[[#This Row],[Role]]="Manager",Table2[[#This Row],[Role]]="Senior Manager"), Table2[[#This Row],[Overtime_Hours]]*350, ""))) -> 0 | AB46: High | AC46: =IF(COUNTIF(Table2[Emp_ID],Table2[[#This Row],[Emp_ID]])>1,"Duplicate","Unique") -> Unique | AD46: =_xlfn.TEXTJOIN("|",TRUE,Table2[[#This Row],[Emp_ID]:[Salary_Band]]) -> ZOM1163|Employee_163_India|30|Female|F|Pune|Operations|Lead Analyst|INR|INR|78000|12|12|936000|6|6|4|10871|23400|80|7|1|Hybrid|Hybrid|0|High | AE46: =IF(COUNTIFS(Table2[Emp_ID],Table2[[#This Row],[Emp_ID]],Table2[Row_Concat],Table2[[#This Row],[Row_Concat]])>1,"Exact Duplicate", IF(COUNTIF(Table2[Emp_ID],Table2[[#This Row],[Emp_ID]])>1,"Mismatch","Unique")) -> Unique | AF46: =ROW() -> 46 | AG46: =IF(Table2[[#This Row],[Monthly_Salary]]="","Exclude", IF(Table2[[#This Row],[Row_Status]]="Mismatch","Exclude", IF(AND(Table2[[#This Row],[Row_Status]]="Exact Duplicate", COUNTIFS(Table2[Emp_ID],Table2[[#This Row],[Emp_ID]],Table2[Row_Concat],Table2[[#This Row],[Row_Concat]], Table2[Row_Number],"<"&Table2[[#This Row],[Row_Number]])>=1),"Delete",""))) | AH46: =VLOOKUP(Table2[[#This Row],[Department]],Raw_2!A:B,2,0) -> Day | AI46: =VLOOKUP(Table2[[#This Row],[Department]],Raw_2!A:C,3,0) -> 14
A47: ZOM1347 | B47: Employee_347_India | C47: 26 | D47: Female | E47: =IF(OR(Table2[[#This Row],[Gender]]="Male",Table2[[#This Row],[Gender]]="M"),"M", IF(OR(Table2[[#This Row],[Gender]]="Female",Table2[[#This Row],[Gender]]="F"),"F","")) -> F | F47: Indore | G47: Finance | H47: Senior Analyst | I47: INR | J47: =IF(ISNUMBER(SEARCH("India",Table2[[#This Row],[Emp_Name]])),"INR", IF(ISNUMBER(SEARCH("Foreign",Table2[[#This Row],[Emp_Name]])),Table2[[#This Row],[Currency]],Table2[[#This Row],[Currency]])) -> INR | K47: 56000 | L47: 12 | M47: =IF(Table2[[#This Row],[Num_Month]]<>12,12,Table2[[#This Row],[Num_Month]]) -> 12 | N47: =IF(Table2[[#This Row],[Monthly_Salary]]="","",Table2[[#This Row],[Monthly_Salary]]*Table2[[#This Row],[Num_Month_Final]]) -> 672000 | O47: 4 | P47: =IF(Table2[[#This Row],[Exp_Years]]<0,ABS(Table2[[#This Row],[Exp_Years]]),Table2[[#This Row],[Exp_Years]]) -> 4 | Q47: 4 | R47: 15000 | S47: =IF(Table2[[#This Row],[Performance_Rating]]>=3,Table2[[#This Row],[Monthly_Salary]]*0.3,"") -> 16800 | T47: 90 | U47: 10 | V47: 1 | W47: No | X47: Hybrid | Y47: =IF(Table2[[#This Row],[Work_Mode]]<>"",Table2[[#This Row],[Work_Mode]], IF(ISNUMBER(SEARCH("India",Table2[[#This Row],[Emp_Name]])),"Office", IF(ISNUMBER(SEARCH("Foreign",Table2[[#This Row],[Emp_Name]])),"Remote",""))) -> Hybrid | AA47: =IF(OR(Table2[[#This Row],[Role]]="Intern",Table2[[#This Row],[Role]]="Administrative Assistant",Table2[[#This Row],[Role]]="Analyst"), Table2[[#This Row],[Overtime_Hours]]*250, IF(OR(Table2[[#This Row],[Role]]="Senior Analyst",Table2[[#This Row],[Role]]="Specialist",Table2[[#This Row],[Role]]="Lead Analyst"), Table2[[#This Row],[Overtime_Hours]]*300, IF(OR(Table2[[#This Row],[Role]]="Manager",Table2[[#This Row],[Role]]="Senior Manager"), Table2[[#This Row],[Overtime_Hours]]*350, ""))) -> 0 | AB47: Medium | AC47: =IF(COUNTIF(Table2[Emp_ID],Table2[[#This Row],[Emp_ID]])>1,"Duplicate","Unique") -> Unique | AD47: =_xlfn.TEXTJOIN("|",TRUE,Table2[[#This Row],[Emp_ID]:[Salary_Band]]) -> ZOM1347|Employee_347_India|26|Female|F|Indore|Finance|Senior Analyst|INR|INR|56000|12|12|672000|4|4|4|15000|16800|90|10|1|No|Hybrid|Hybrid|0|Medium | AE47: =IF(COUNTIFS(Table2[Emp_ID],Table2[[#This Row],[Emp_ID]],Table2[Row_Concat],Table2[[#This Row],[Row_Concat]])>1,"Exact Duplicate", IF(COUNTIF(Table2[Emp_ID],Table2[[#This Row],[Emp_ID]])>1,"Mismatch","Unique")) -> Unique | AF47: =ROW() -> 47 | AG47: =IF(Table2[[#This Row],[Monthly_Salary]]="","Exclude", IF(Table2[[#This Row],[Row_Status]]="Mismatch","Exclude", IF(AND(Table2[[#This Row],[Row_Status]]="Exact Duplicate", COUNTIFS(Table2[Emp_ID],Table2[[#This Row],[Emp_ID]],Table2[Row_Concat],Table2[[#This Row],[Row_Concat]], Table2[Row_Number],"<"&Table2[[#This Row],[Row_Number]])>=1),"Delete",""))) | AH47: =VLOOKUP(Table2[[#This Row],[Department]],Raw_2!A:B,2,0) -> Night | AI47: =VLOOKUP(Table2[[#This Row],[Department]],Raw_2!A:C,3,0) -> 20
A48: ZOM1055 | B48: Employee_55_India | C48: 25 | D48: Female | E48: =IF(OR(Table2[[#This Row],[Gender]]="Male",Table2[[#This Row],[Gender]]="M"),"M", IF(OR(Table2[[#This Row],[Gender]]="Female",Table2[[#This Row],[Gender]]="F"),"F","")) -> F | F48: Gurugram | G48: Operations | H48: Lead Analyst | I48: INR | J48: =IF(ISNUMBER(SEARCH("India",Table2[[#This Row],[Emp_Name]])),"INR", IF(ISNUMBER(SEARCH("Foreign",Table2[[#This Row],[Emp_Name]])),Table2[[#This Row],[Currency]],Table2[[#This Row],[Currency]])) -> INR | K48: 78000 | L48: 12 | M48: =IF(Table2[[#This Row],[Num_Month]]<>12,12,Table2[[#This Row],[Num_Month]]) -> 12 | N48: =IF(Table2[[#This Row],[Monthly_Salary]]="","",Table2[[#This Row],[Monthly_Salary]]*Table2[[#This Row],[Num_Month_Final]]) -> 936000 | O48: 7 | P48: =IF(Table2[[#This Row],[Exp_Years]]<0,ABS(Table2[[#This Row],[Exp_Years]]),Table2[[#This Row],[Exp_Years]]) -> 7 | Q48: 4 | R48: 10871 | S48: =IF(Table2[[#This Row],[Performance_Rating]]>=3,Table2[[#This Row],[Monthly_Salary]]*0.3,"") -> 23400 | T48: 95 | U48: 7 | V48: 1 | W48: Yes | X48: Hybrid | Y48: =IF(Table2[[#This Row],[Work_Mode]]<>"",Table2[[#This Row],[Work_Mode]], IF(ISNUMBER(SEARCH("India",Table2[[#This Row],[Emp_Name]])),"Office", IF(ISNUMBER(SEARCH("Foreign",Table2[[#This Row],[Emp_Name]])),"Remote",""))) -> Hybrid | Z48: 5 | AA48: =IF(OR(Table2[[#This Row],[Role]]="Intern",Table2[[#This Row],[Role]]="Administrative Assistant",Table2[[#This Row],[Role]]="Analyst"), Table2[[#This Row],[Overtime_Hours]]*250, IF(OR(Table2[[#This Row],[Role]]="Senior Analyst",Table2[[#This Row],[Role]]="Specialist",Table2[[#This Row],[Role]]="Lead Analyst"), Table2[[#This Row],[Overtime_Hours]]*300, IF(OR(Table2[[#This Row],[Role]]="Manager",Table2[[#This Row],[Role]]="Senior Manager"), Table2[[#This Row],[Overtime_Hours]]*350, ""))) -> 1500 | AB48: Medium | AC48: =IF(COUNTIF(Table2[Emp_ID],Table2[[#This Row],[Emp_ID]])>1,"Duplicate","Unique") -> Unique | AD48: =_xlfn.TEXTJOIN("|",TRUE,Table2[[#This Row],[Emp_ID]:[Salary_Band]]) -> ZOM1055|Employee_55_India|25|Female|F|Gurugram|Operations|Lead Analyst|INR|INR|78000|12|12|936000|7|7|4|10871|23400|95|7|1|Yes|Hybrid|Hybrid|5|1500|Medium | AE48: =IF(COUNTIFS(Table2[Emp_ID],Table2[[#This Row],[Emp_ID]],Table2[Row_Concat],Table2[[#This Row],[Row_Concat]])>1,"Exact Duplicate", IF(COUNTIF(Table2[Emp_ID],Table2[[#This Row],[Emp_ID]])>1,"Mismatch","Unique")) -> Unique | AF48: =ROW() -> 48 | AG48: =IF(Table2[[#This Row],[Monthly_Salary]]="","Exclude", IF(Table2[[#This Row],[Row_Status]]="Mismatch","Exclude", IF(AND(Table2[[#This Row],[Row_Status]]="Exact Duplicate", COUNTIFS(Table2[Emp_ID],Table2[[#This Row],[Emp_ID]],Table2[Row_Concat],Table2[[#This Row],[Row_Concat]], Table2[Row_Number],"<"&Table2[[#This Row],[Row_Number]])>=1),"Delete",""))) | AH48: =VLOOKUP(Table2[[#This Row],[Department]],Raw_2!A:B,2,0) -> Day | AI48: =VLOOKUP(Table2[[#This Row],[Department]],Raw_2!A:C,3,0) -> 14
A49: ZOM1145 | B49: Employee_145_India | C49: 43 | D49: Female | E49: =IF(OR(Table2[[#This Row],[Gender]]="Male",Table2[[#This Row],[Gender]]="M"),"M", IF(OR(Table2[[#This Row],[Gender]]="Female",Table2[[#This Row],[Gender]]="F"),"F","")) -> F | F49: Pune | G49: Logistics | H49: Director | I49: INR | J49: =IF(ISNUMBER(SEARCH("India",Table2[[#This Row],[Emp_Name]])),"INR", IF(ISNUMBER(SEARCH("Foreign",Table2[[#This Row],[Emp_Name]])),Table2[[#This Row],[Currency]],Table2[[#This Row],[Currency]])) -> INR | K49: 99000 | L49: 12 | M49: =IF(Table2[[#This Row],[Num_Month]]<>12,12,Table2[[#This Row],[Num_Month]]) -> 12 | N49: =IF(Table2[[#This Row],[Monthly_Salary]]="","",Table2[[#This Row],[Monthly_Salary]]*Table2[[#This Row],[Num_Month_Final]]) -> 1188000 | O49: 12 | P49: =IF(Table2[[#This Row],[Exp_Years]]<0,ABS(Table2[[#This Row],[Exp_Years]]),Table2[[#This Row],[Exp_Years]]) -> 12 | Q49: 1 | S49: =IF(Table2[[#This Row],[Performance_Rating]]>=3,Table2[[#This Row],[Monthly_Salary]]*0.3,"") | T49: 85 | U49: 7 | V49: 3 | W49: Yes | X49: Hybrid | Y49: =IF(Table2[[#This Row],[Work_Mode]]<>"",Table2[[#This Row],[Work_Mode]], IF(ISNUMBER(SEARCH("India",Table2[[#This Row],[Emp_Name]])),"Office", IF(ISNUMBER(SEARCH("Foreign",Table2[[#This Row],[Emp_Name]])),"Remote",""))) -> Hybrid | Z49: 12 | AA49: =IF(OR(Table2[[#This Row],[Role]]="Intern",Table2[[#This Row],[Role]]="Administrative Assistant",Table2[[#This Row],[Role]]="Analyst"), Table2[[#This Row],[Overtime_Hours]]*250, IF(OR(Table2[[#This Row],[Role]]="Senior Analyst",Table2[[#This Row],[Role]]="Specialist",Table2[[#This Row],[Role]]="Lead Analyst"), Table2[[#This Row],[Overtime_Hours]]*300, IF(OR(Table2[[#This Row],[Role]]="Manager",Table2[[#This Row],[Role]]="Senior Manager"), Table2[[#This Row],[Overtime_Hours]]*350, ""))) | AB49: Low | AC49: =IF(COUNTIF(Table2[Emp_ID],Table2[[#This Row],[Emp_ID]])>1,"Duplicate","Unique") -> Unique | AD49: =_xlfn.TEXTJOIN("|",TRUE,Table2[[#This Row],[Emp_ID]:[Salary_Band]]) -> ZOM1145|Employee_145_India|43|Female|F|Pune|Logistics|Director|INR|INR|99000|12|12|1188000|12|12|1|85|7|3|Yes|Hybrid|Hybrid|12|Low | AE49: =IF(COUNTIFS(Table2[Emp_ID],Table2[[#This Row],[Emp_ID]],Table2[Row_Concat],Table2[[#This Row],[Row_Concat]])>1,"Exact Duplicate", IF(COUNTIF(Table2[Emp_ID],Table2[[#This Row],[Emp_ID]])>1,"Mismatch","Unique")) -> Unique | AF49: =ROW() -> 49 | AG49: =IF(Table2[[#This Row],[Monthly_Salary]]="","Exclude", IF(Table2[[#This Row],[Row_Status]]="Mismatch","Exclude", IF(AND(Table2[[#This Row],[Row_Status]]="Exact Duplicate", COUNTIFS(Table2[Emp_ID],Table2[[#This Row],[Emp_ID]],Table2[Row_Concat],Table2[[#This Row],[Row_Concat]], Table2[Row_Number],"<"&Table2[[#This Row],[Row_Number]])>=1),"Delete",""))) | AH49: =VLOOKUP(Table2[[#This Row],[Department]],Raw_2!A:B,2,0) -> Night | AI49: =VLOOKUP(Table2[[#This Row],[Department]],Raw_2!A:C,3,0) -> 13
A50: ZOM1617 | B50: Employee_17_Foreign | C50: 26 | E50: =IF(OR(Table2[[#This Row],[Gender]]="Male",Table2[[#This Row],[Gender]]="M"),"M", IF(OR(Table2[[#This Row],[Gender]]="Female",Table2[[#This Row],[Gender]]="F"),"F","")) | F50: Indore | G50: Finance | H50: Senior Analyst | I50: USD | J50: =IF(ISNUMBER(SEARCH("India",Table2[[#This Row],[Emp_Name]])),"INR", IF(ISNUMBER(SEARCH("Foreign",Table2[[#This Row],[Emp_Name]])),Table2[[#This Row],[Currency]],Table2[[#This Row],[Currency]])) -> USD | K50: 48000 | L50: 12 | M50: =IF(Table2[[#This Row],[Num_Month]]<>12,12,Table2[[#This Row],[Num_Month]]) -> 12 | N50: =IF(Table2[[#This Row],[Monthly_Salary]]="","",Table2[[#This Row],[Monthly_Salary]]*Table2[[#This Row],[Num_Month_Final]]) -> 576000 | O50: 4 | P50: =IF(Table2[[#This Row],[Exp_Years]]<0,ABS(Table2[[#This Row],[Exp_Years]]),Table2[[#This Row],[Exp_Years]]) -> 4 | Q50: 3 | R50: 8000 | S50: =IF(Table2[[#This Row],[Performance_Rating]]>=3,Table2[[#This Row],[Monthly_Salary]]*0.3,"") -> 14400 | T50: 87 | U50: 15 | V50: 2 | W50: No | X50: Remote | Y50: =IF(Table2[[#This Row],[Work_Mode]]<>"",Table2[[#This Row],[Work_Mode]], IF(ISNUMBER(SEARCH("India",Table2[[#This Row],[Emp_Name]])),"Office", IF(ISNUMBER(SEARCH("Foreign",Table2[[#This Row],[Emp_Name]])),"Remote",""))) -> Remote | Z50: 10 | AA50: =IF(OR(Table2[[#This Row],[Role]]="Intern",Table2[[#This Row],[Role]]="Administrative Assistant",Table2[[#This Row],[Role]]="Analyst"), Table2[[#This Row],[Overtime_Hours]]*250, IF(OR(Table2[[#This Row],[Role]]="Senior Analyst",Table2[[#This Row],[Role]]="Specialist",Table2[[#This Row],[Role]]="Lead Analyst"), Table2[[#This Row],[Overtime_Hours]]*300, IF(OR(Table2[[#This Row],[Role]]="Manager",Table2[[#This Row],[Role]]="Senior Manager"), Table2[[#This Row],[Overtime_Hours]]*350, ""))) -> 3000 | AB50: Medium | AC50: =IF(COUNTIF(Table2[Emp_ID],Table2[[#This Row],[Emp_ID]])>1,"Duplicate","Unique") -> Unique | AD50: =_xlfn.TEXTJOIN("|",TRUE,Table2[[#This Row],[Emp_ID]:[Salary_Band]]) -> ZOM1617|Employee_17_Foreign|26|Indore|Finance|Senior Analyst|USD|USD|48000|12|12|576000|4|4|3|8000|14400|87|15|2|No|Remote|Remote|10|3000|Medium | AE50: =IF(COUNTIFS(Table2[Emp_ID],Table2[[#This Row],[Emp_ID]],Table2[Row_Concat],Table2[[#This Row],[Row_Concat]])>1,"Exact Duplicate", IF(COUNTIF(Table2[Emp_ID],Table2[[#This Row],[Emp_ID]])>1,"Mismatch","Unique")) -> Unique | AF50: =ROW() -> 50 | AG50: =IF(Table2[[#This Row],[Monthly_Salary]]="","Exclude", IF(Table2[[#This Row],[Row_Status]]="Mismatch","Exclude", IF(AND(Table2[[#This Row],[Row_Status]]="Exact Duplicate", COUNTIFS(Table2[Emp_ID],Table2[[#This Row],[Emp_ID]],Table2[Row_Concat],Table2[[#This Row],[Row_Concat]], Table2[Row_Number],"<"&Table2[[#This Row],[Row_Number]])>=1),"Delete",""))) | AH50: =VLOOKUP(Table2[[#This Row],[Department]],Raw_2!A:B,2,0) -> Night | AI50: =VLOOKUP(Table2[[#This Row],[Department]],Raw_2!A:C,3,0) -> 20
A51: ZOM1095 | B51: Employee_95_India | C51: 19 | D51: M | E51: =IF(OR(Table2[[#This Row],[Gender]]="Male",Table2[[#This Row],[Gender]]="M"),"M", IF(OR(Table2[[#This Row],[Gender]]="Female",Table2[[#This Row],[Gender]]="F"),"F","")) -> M | F51: Delhi | G51: Customer Support | H51: Intern | I51: INR | J51: =IF(ISNUMBER(SEARCH("India",Table2[[#This Row],[Emp_Name]])),"INR", IF(ISNUMBER(SEARCH("Foreign",Table2[[#This Row],[Emp_Name]])),Table2[[#This Row],[Currency]],Table2[[#This Row],[Currency]])) -> INR | K51: 9000 | L51: 12 | M51: =IF(Table2[[#This Row],[Num_Month]]<>12,12,Table2[[#This Row],[Num_Month]]) -> 12 | N51: =IF(Table2[[#This Row],[Monthly_Salary]]="","",Table2[[#This Row],[Monthly_Salary]]*Table2[[#This Row],[Num_Month_Final]]) -> 108000 | O51: 0 | P51: =IF(Table2[[#This Row],[Exp_Years]]<0,ABS(Table2[[#This Row],[Exp_Years]]),Table2[[#This Row],[Exp_Years]]) -> 0 | Q51: 1 | S51: =IF(Table2[[#This Row],[Performance_Rating]]>=3,Table2[[#This Row],[Monthly_Salary]]*0.3,"") | T51: 85 | U51: 15 | V51: 3 | W51: No | X51: Hybrid | Y51: =IF(Table2[[#This Row],[Work_Mode]]<>"",Table2[[#This Row],[Work_Mode]], IF(ISNUMBER(SEARCH("India",Table2[[#This Row],[Emp_Name]])),"Office", IF(ISNUMBER(SEARCH("Foreign",Table2[[#This Row],[Emp_Name]])),"Remote",""))) -> Hybrid | Z51: 10 | AA51: =IF(OR(Table2[[#This Row],[Role]]="Intern",Table2[[#This Row],[Role]]="Administrative Assistant",Table2[[#This Row],[Role]]="Analyst"), Table2[[#This Row],[Overtime_Hours]]*250, IF(OR(Table2[[#This Row],[Role]]="Senior Analyst",Table2[[#This Row],[Role]]="Specialist",Table2[[#This Row],[Role]]="Lead Analyst"), Table2[[#This Row],[Overtime_Hours]]*300, IF(OR(Table2[[#This Row],[Role]]="Manager",Table2[[#This Row],[Role]]="Senior Manager"), Table2[[#This Row],[Overtime_Hours]]*350, ""))) -> 2500 | AB51: Low | AC51: =IF(COUNTIF(Table2[Emp_ID],Table2[[#This Row],[Emp_ID]])>1,"Duplicate","Unique") -> Unique | AD51: =_xlfn.TEXTJOIN("|",TRUE,Table2[[#This Row],[Emp_ID]:[Salary_Band]]) -> ZOM1095|Employee_95_India|19|M|M|Delhi|Customer Support|Intern|INR|INR|9000|12|12|108000|0|0|1|85|15|3|No|Hybrid|Hybrid|10|2500|Low | AE51: =IF(COUNTIFS(Table2[Emp_ID],Table2[[#This Row],[Emp_ID]],Table2[Row_Concat],Table2[[#This Row],[Row_Concat]])>1,"Exact Duplicate", IF(COUNTIF(Table2[Emp_ID],Table2[[#This Row],[Emp_ID]])>1,"Mismatch","Unique")) -> Unique | AF51: =ROW() -> 51 | AG51: =IF(Table2[[#This Row],[Monthly_Salary]]="","Exclude", IF(Table2[[#This Row],[Row_Status]]="Mismatch","Exclude", IF(AND(Table2[[#This Row],[Row_Status]]="Exact Duplicate", COUNTIFS(Table2[Emp_ID],Table2[[#This Row],[Emp_ID]],Table2[Row_Concat],Table2[[#This Row],[Row_Concat]], Table2[Row_Number],"<"&Table2[[#This Row],[Row_Number]])>=1),"Delete",""))) | AH51: =VLOOKUP(Table2[[#This Row],[Department]],Raw_2!A:B,2,0) -> Day | AI51: =VLOOKUP(Table2[[#This Row],[Department]],Raw_2!A:C,3,0) -> 12
A52: ZOM1543 | B52: Employee_543_India | C52: 25 | D52: Male | E52: =IF(OR(Table2[[#This Row],[Gender]]="Male",Table2[[#This Row],[Gender]]="M"),"M", IF(OR(Table2[[#This Row],[Gender]]="Female",Table2[[#This Row],[Gender]]="F"),"F","")) -> M | G52: Logistics | H52: Senior Analyst | I52: INR | J52: =IF(ISNUMBER(SEARCH("India",Table2[[#This Row],[Emp_Name]])),"INR", IF(ISNUMBER(SEARCH("Foreign",Table2[[#This Row],[Emp_Name]])),Table2[[#This Row],[Currency]],Table2[[#This Row],[Currency]])) -> INR | K52: 48000 | L52: 12 | M52: =IF(Table2[[#This Row],[Num_Month]]<>12,12,Table2[[#This Row],[Num_Month]]) -> 12 | N52: =IF(Table2[[#This Row],[Monthly_Salary]]="","",Table2[[#This Row],[Monthly_Salary]]*Table2[[#This Row],[Num_Month_Final]]) -> 576000 | O52: 4 | P52: =IF(Table2[[#This Row],[Exp_Years]]<0,ABS(Table2[[#This Row],[Exp_Years]]),Table2[[#This Row],[Exp_Years]]) -> 4 | Q52: 2 | S52: =IF(Table2[[#This Row],[Performance_Rating]]>=3,Table2[[#This Row],[Monthly_Salary]]*0.3,"") | T52: 87 | U52: 15 | V52: 3 | W52: Yes | X52: Hybrid | Y52: =IF(Table2[[#This Row],[Work_Mode]]<>"",Table2[[#This Row],[Work_Mode]], IF(ISNUMBER(SEARCH("India",Table2[[#This Row],[Emp_Name]])),"Office", IF(ISNUMBER(SEARCH("Foreign",Table2[[#This Row],[Emp_Name]])),"Remote",""))) -> Hybrid | AA52: =IF(OR(Table2[[#This Row],[Role]]="Intern",Table2[[#This Row],[Role]]="Administrative Assistant",Table2[[#This Row],[Role]]="Analyst"), Table2[[#This Row],[Overtime_Hours]]*250, IF(OR(Table2[[#This Row],[Role]]="Senior Analyst",Table2[[#This Row],[Role]]="Specialist",Table2[[#This Row],[Role]]="Lead Analyst"), Table2[[#This Row],[Overtime_Hours]]*300, IF(OR(Table2[[#This Row],[Role]]="Manager",Table2[[#This Row],[Role]]="Senior Manager"), Table2[[#This Row],[Overtime_Hours]]*350, ""))) -> 0 | AB52: Low | AC52: =IF(COUNTIF(Table2[Emp_ID],Table2[[#This Row],[Emp_ID]])>1,"Duplicate","Unique") -> Unique | AD52: =_xlfn.TEXTJOIN("|",TRUE,Table2[[#This Row],[Emp_ID]:[Salary_Band]]) -> ZOM1543|Employee_543_India|25|Male|M|Logistics|Senior Analyst|INR|INR|48000|12|12|576000|4|4|2|87|15|3|Yes|Hybrid|Hybrid|0|Low | AE52: =IF(COUNTIFS(Table2[Emp_ID],Table2[[#This Row],[Emp_ID]],Table2[Row_Concat],Table2[[#This Row],[Row_Concat]])>1,"Exact Duplicate", IF(COUNTIF(Table2[Emp_ID],Table2[[#This Row],[Emp_ID]])>1,"Mismatch","Unique")) -> Unique | AF52: =ROW() -> 52 | AG52: =IF(Table2[[#This Row],[Monthly_Salary]]="","Exclude", IF(Table2[[#This Row],[Row_Status]]="Mismatch","Exclude", IF(AND(Table2[[#This Row],[Row_Status]]="Exact Duplicate", COUNTIFS(Table2[Emp_ID],Table2[[#This Row],[Emp_ID]],Table2[Row_Concat],Table2[[#This Row],[Row_Concat]], Table2[Row_Number],"<"&Table2[[#This Row],[Row_Number]])>=1),"Delete",""))) | AH52: =VLOOKUP(Table2[[#This Row],[Department]],Raw_2!A:B,2,0) -> Night | AI52: =VLOOKUP(Table2[[#This Row],[Department]],Raw_2!A:C,3,0) -> 13
A53: ZOM1487 | B53: Employee_487_India | C53: 21 | D53: Male | E53: =IF(OR(Table2[[#This Row],[Gender]]="Male",Table2[[#This Row],[Gender]]="M"),"M", IF(OR(Table2[[#This Row],[Gender]]="Female",Table2[[#This Row],[Gender]]="F"),"F","")) -> M | F53: Delhi | G53: Analytics | H53: Intern | I53: INR | J53: =IF(ISNUMBER(SEARCH("India",Table2[[#This Row],[Emp_Name]])),"INR", IF(ISNUMBER(SEARCH("Foreign",Table2[[#This Row],[Emp_Name]])),Table2[[#This Row],[Currency]],Table2[[#This Row],[Currency]])) -> INR | K53: 15000 | L53: 12 | M53: =IF(Table2[[#This Row],[Num_Month]]<>12,12,Table2[[#This Row],[Num_Month]]) -> 12 | N53: =IF(Table2[[#This Row],[Monthly_Salary]]="","",Table2[[#This Row],[Monthly_Salary]]*Table2[[#This Row],[Num_Month_Final]]) -> 180000 | O53: 1 | P53: =IF(Table2[[#This Row],[Exp_Years]]<0,ABS(Table2[[#This Row],[Exp_Years]]),Table2[[#This Row],[Exp_Years]]) -> 1 | Q53: 2 | S53: =IF(Table2[[#This Row],[Performance_Rating]]>=3,Table2[[#This Row],[Monthly_Salary]]*0.3,"") | T53: 90 | U53: 7 | V53: 3 | W53: No | X53: Hybrid | Y53: =IF(Table2[[#This Row],[Work_Mode]]<>"",Table2[[#This Row],[Work_Mode]], IF(ISNUMBER(SEARCH("India",Table2[[#This Row],[Emp_Name]])),"Office", IF(ISNUMBER(SEARCH("Foreign",Table2[[#This Row],[Emp_Name]])),"Remote",""))) -> Hybrid | AA53: =IF(OR(Table2[[#This Row],[Role]]="Intern",Table2[[#This Row],[Role]]="Administrative Assistant",Table2[[#This Row],[Role]]="Analyst"), Table2[[#This Row],[Overtime_Hours]]*250, IF(OR(Table2[[#This Row],[Role]]="Senior Analyst",Table2[[#This Row],[Role]]="Specialist",Table2[[#This Row],[Role]]="Lead Analyst"), Table2[[#This Row],[Overtime_Hours]]*300, IF(OR(Table2[[#This Row],[Role]]="Manager",Table2[[#This Row],[Role]]="Senior Manager"), Table2[[#This Row],[Overtime_Hours]]*350, ""))) -> 0 | AB53: Low | AC53: =IF(COUNTIF(Table2[Emp_ID],Table2[[#This Row],[Emp_ID]])>1,"Duplicate","Unique") -> Unique | AD53: =_xlfn.TEXTJOIN("|",TRUE,Table2[[#This Row],[Emp_ID]:[Salary_Band]]) -> ZOM1487|Employee_487_India|21|Male|M|Delhi|Analytics|Intern|INR|INR|15000|12|12|180000|1|1|2|90|7|3|No|Hybrid|Hybrid|0|Low | AE53: =IF(COUNTIFS(Table2[Emp_ID],Table2[[#This Row],[Emp_ID]],Table2[Row_Concat],Table2[[#This Row],[Row_Concat]])>1,"Exact Duplicate", IF(COUNTIF(Table2[Emp_ID],Table2[[#This Row],[Emp_ID]])>1,"Mismatch","Unique")) -> Unique | AF53: =ROW() -> 53 | AG53: =IF(Table2[[#This Row],[Monthly_Salary]]="","Exclude", IF(Table2[[#This Row],[Row_Status]]="Mismatch","Exclude", IF(AND(Table2[[#This Row],[Row_Status]]="Exact Duplicate", COUNTIFS(Table2[Emp_ID],Table2[[#This Row],[Emp_ID]],Table2[Row_Concat],Table2[[#This Row],[Row_Concat]], Table2[Row_Number],"<"&Table2[[#This Row],[Row_Number]])>=1),"Delete",""))) | AH53: =VLOOKUP(Table2[[#This Row],[Department]],Raw_2!A:B,2,0) -> Day | AI53: =VLOOKUP(Table2[[#This Row],[Department]],Raw_2!A:C,3,0) -> 25
A54: ZOM1230 | B54: Employee_230_India | C54: 24 | E54: =IF(OR(Table2[[#This Row],[Gender]]="Male",Table2[[#This Row],[Gender]]="M"),"M", IF(OR(Table2[[#This Row],[Gender]]="Female",Table2[[#This Row],[Gender]]="F"),"F","")) | F54: Hyderabad | G54: Logistics | H54: Lead Analyst | I54: INR | J54: =IF(ISNUMBER(SEARCH("India",Table2[[#This Row],[Emp_Name]])),"INR", IF(ISNUMBER(SEARCH("Foreign",Table2[[#This Row],[Emp_Name]])),Table2[[#This Row],[Currency]],Table2[[#This Row],[Currency]])) -> INR | K54: 78000 | L54: 12 | M54: =IF(Table2[[#This Row],[Num_Month]]<>12,12,Table2[[#This Row],[Num_Month]]) -> 12 | N54: =IF(Table2[[#This Row],[Monthly_Salary]]="","",Table2[[#This Row],[Monthly_Salary]]*Table2[[#This Row],[Num_Month_Final]]) -> 936000 | O54: 7 | P54: =IF(Table2[[#This Row],[Exp_Years]]<0,ABS(Table2[[#This Row],[Exp_Years]]),Table2[[#This Row],[Exp_Years]]) -> 7 | Q54: 1 | S54: =IF(Table2[[#This Row],[Performance_Rating]]>=3,Table2[[#This Row],[Monthly_Salary]]*0.3,"") | T54: 80 | U54: 15 | V54: 12 | W54: Yes | X54: Office | Y54: =IF(Table2[[#This Row],[Work_Mode]]<>"",Table2[[#This Row],[Work_Mode]], IF(ISNUMBER(SEARCH("India",Table2[[#This Row],[Emp_Name]])),"Office", IF(ISNUMBER(SEARCH("Foreign",Table2[[#This Row],[Emp_Name]])),"Remote",""))) -> Office | Z54: 20 | AA54: =IF(OR(Table2[[#This Row],[Role]]="Intern",Table2[[#This Row],[Role]]="Administrative Assistant",Table2[[#This Row],[Role]]="Analyst"), Table2[[#This Row],[Overtime_Hours]]*250, IF(OR(Table2[[#This Row],[Role]]="Senior Analyst",Table2[[#This Row],[Role]]="Specialist",Table2[[#This Row],[Role]]="Lead Analyst"), Table2[[#This Row],[Overtime_Hours]]*300, IF(OR(Table2[[#This Row],[Role]]="Manager",Table2[[#This Row],[Role]]="Senior Manager"), Table2[[#This Row],[Overtime_Hours]]*350, ""))) -> 6000 | AB54: Low | AC54: =IF(COUNTIF(Table2[Emp_ID],Table2[[#This Row],[Emp_ID]])>1,"Duplicate","Unique") -> Unique | AD54: =_xlfn.TEXTJOIN("|",TRUE,Table2[[#This Row],[Emp_ID]:[Salary_Band]]) -> ZOM1230|Employee_230_India|24|Hyderabad|Logistics|Lead Analyst|INR|INR|78000|12|12|936000|7|7|1|80|15|12|Yes|Office|Office|20|6000|Low | AE54: =IF(COUNTIFS(Table2[Emp_ID],Table2[[#This Row],[Emp_ID]],Table2[Row_Concat],Table2[[#This Row],[Row_Concat]])>1,"Exact Duplicate", IF(COUNTIF(Table2[Emp_ID],Table2[[#This Row],[Emp_ID]])>1,"Mismatch","Unique")) -> Unique | AF54: =ROW() -> 54 | AG54: =IF(Table2[[#This Row],[Monthly_Salary]]="","Exclude", IF(Table2[[#This Row],[Row_Status]]="Mismatch","Exclude", IF(AND(Table2[[#This Row],[Row_Status]]="Exact Duplicate", COUNTIFS(Table2[Emp_ID],Table2[[#This Row],[Emp_ID]],Table2[Row_Concat],Table2[[#This Row],[Row_Concat]], Table2[Row_Number],"<"&Table2[[#This Row],[Row_Number]])>=1),"Delete",""))) | AH54: =VLOOKUP(Table2[[#This Row],[Department]],Raw_2!A:B,2,0) -> Night | AI54: =VLOOKUP(Table2[[#This Row],[Department]],Raw_2!A:C,3,0) -> 13
A55: ZOM1017 | B55: Employee_17_India | C55: 25 | D55: Female | E55: =IF(OR(Table2[[#This Row],[Gender]]="Male",Table2[[#This Row],[Gender]]="M"),"M", IF(OR(Table2[[#This Row],[Gender]]="Female",Table2[[#This Row],[Gender]]="F"),"F","")) -> F | F55: Noida | G55: Finance | H55: Senior Analyst | I55: INR | J55: =IF(ISNUMBER(SEARCH("India",Table2[[#This Row],[Emp_Name]])),"INR", IF(ISNUMBER(SEARCH("Foreign",Table2[[#This Row],[Emp_Name]])),Table2[[#This Row],[Currency]],Table2[[#This Row],[Currency]])) -> INR | K55: 37000 | L55: 12 | M55: =IF(Table2[[#This Row],[Num_Month]]<>12,12,Table2[[#This Row],[Num_Month]]) -> 12 | N55: =IF(Table2[[#This Row],[Monthly_Salary]]="","",Table2[[#This Row],[Monthly_Salary]]*Table2[[#This Row],[Num_Month_Final]]) -> 444000 | O55: 2 | P55: =IF(Table2[[#This Row],[Exp_Years]]<0,ABS(Table2[[#This Row],[Exp_Years]]),Table2[[#This Row],[Exp_Years]]) -> 2 | Q55: 5 | R55: 21000 | S55: =IF(Table2[[#This Row],[Performance_Rating]]>=3,Table2[[#This Row],[Monthly_Salary]]*0.3,"") -> 11100 | T55: 95 | U55: 10 | V55: 1 | W55: Yes | X55: Office | Y55: =IF(Table2[[#This Row],[Work_Mode]]<>"",Table2[[#This Row],[Work_Mode]], IF(ISNUMBER(SEARCH("India",Table2[[#This Row],[Emp_Name]])),"Office", IF(ISNUMBER(SEARCH("Foreign",Table2[[#This Row],[Emp_Name]])),"Remote",""))) -> Office | AA55: =IF(OR(Table2[[#This Row],[Role]]="Intern",Table2[[#This Row],[Role]]="Administrative Assistant",Table2[[#This Row],[Role]]="Analyst"), Table2[[#This Row],[Overtime_Hours]]*250, IF(OR(Table2[[#This Row],[Role]]="Senior Analyst",Table2[[#This Row],[Role]]="Specialist",Table2[[#This Row],[Role]]="Lead Analyst"), Table2[[#This Row],[Overtime_Hours]]*300, IF(OR(Table2[[#This Row],[Role]]="Manager",Table2[[#This Row],[Role]]="Senior Manager"), Table2[[#This Row],[Overtime_Hours]]*350, ""))) -> 0 | AB55: High | AC55: =IF(COUNTIF(Table2[Emp_ID],Table2[[#This Row],[Emp_ID]])>1,"Duplicate","Unique") -> Unique | AD55: =_xlfn.TEXTJOIN("|",TRUE,Table2[[#This Row],[Emp_ID]:[Salary_Band]]) -> ZOM1017|Employee_17_India|25|Female|F|Noida|Finance|Senior Analyst|INR|INR|37000|12|12|444000|2|2|5|21000|11100|95|10|1|Yes|Office|Office|0|High | AE55: =IF(COUNTIFS(Table2[Emp_ID],Table2[[#This Row],[Emp_ID]],Table2[Row_Concat],Table2[[#This Row],[Row_Concat]])>1,"Exact Duplicate", IF(COUNTIF(Table2[Emp_ID],Table2[[#This Row],[Emp_ID]])>1,"Mismatch","Unique")) -> Unique | AF55: =ROW() -> 55 | AG55: =IF(Table2[[#This Row],[Monthly_Salary]]="","Exclude", IF(Table2[[#This Row],[Row_Status]]="Mismatch","Exclude", IF(AND(Table2[[#This Row],[Row_Status]]="Exact Duplicate", COUNTIFS(Table2[Emp_ID],Table2[[#This Row],[Emp_ID]],Table2[Row_Concat],Table2[[#This Row],[Row_Concat]], Table2[Row_Number],"<"&Table2[[#This Row],[Row_Number]])>=1),"Delete",""))) | AH55: =VLOOKUP(Table2[[#This Row],[Department]],Raw_2!A:B,2,0) -> Night | AI55: =VLOOKUP(Table2[[#This Row],[Department]],Raw_2!A:C,3,0) -> 20
A56: ZOM1528 | B56: Employee_528_India | C56: 25 | E56: =IF(OR(Table2[[#This Row],[Gender]]="Male",Table2[[#This Row],[Gender]]="M"),"M", IF(OR(Table2[[#This Row],[Gender]]="Female",Table2[[#This Row],[Gender]]="F"),"F","")) | G56: Finance | H56: Senior Analyst | I56: INR | J56: =IF(ISNUMBER(SEARCH("India",Table2[[#This Row],[Emp_Name]])),"INR", IF(ISNUMBER(SEARCH("Foreign",Table2[[#This Row],[Emp_Name]])),Table2[[#This Row],[Currency]],Table2[[#This Row],[Currency]])) -> INR | K56: 43000 | L56: 12 | M56: =IF(Table2[[#This Row],[Num_Month]]<>12,12,Table2[[#This Row],[Num_Month]]) -> 12 | N56: =IF(Table2[[#This Row],[Monthly_Salary]]="","",Table2[[#This Row],[Monthly_Salary]]*Table2[[#This Row],[Num_Month_Final]]) -> 516000 | O56: 3 | P56: =IF(Table2[[#This Row],[Exp_Years]]<0,ABS(Table2[[#This Row],[Exp_Years]]),Table2[[#This Row],[Exp_Years]]) -> 3 | Q56: 4 | R56: 10000 | S56: =IF(Table2[[#This Row],[Performance_Rating]]>=3,Table2[[#This Row],[Monthly_Salary]]*0.3,"") -> 12900 | T56: 85 | U56: 5 | V56: 12 | W56: Yes | X56: Hybrid | Y56: =IF(Table2[[#This Row],[Work_Mode]]<>"",Table2[[#This Row],[Work_Mode]], IF(ISNUMBER(SEARCH("India",Table2[[#This Row],[Emp_Name]])),"Office", IF(ISNUMBER(SEARCH("Foreign",Table2[[#This Row],[Emp_Name]])),"Remote",""))) -> Hybrid | Z56: 20 | AA56: =IF(OR(Table2[[#This Row],[Role]]="Intern",Table2[[#This Row],[Role]]="Administrative Assistant",Table2[[#This Row],[Role]]="Analyst"), Table2[[#This Row],[Overtime_Hours]]*250, IF(OR(Table2[[#This Row],[Role]]="Senior Analyst",Table2[[#This Row],[Role]]="Specialist",Table2[[#This Row],[Role]]="Lead Analyst"), Table2[[#This Row],[Overtime_Hours]]*300, IF(OR(Table2[[#This Row],[Role]]="Manager",Table2[[#This Row],[Role]]="Senior Manager"), Table2[[#This Row],[Overtime_Hours]]*350, ""))) -> 6000 | AB56: High | AC56: =IF(COUNTIF(Table2[Emp_ID],Table2[[#This Row],[Emp_ID]])>1,"Duplicate","Unique") -> Unique | AD56: =_xlfn.TEXTJOIN("|",TRUE,Table2[[#This Row],[Emp_ID]:[Salary_Band]]) -> ZOM1528|Employee_528_India|25|Finance|Senior Analyst|INR|INR|43000|12|12|516000|3|3|4|10000|12900|85|5|12|Yes|Hybrid|Hybrid|20|6000|High | AE56: =IF(COUNTIFS(Table2[Emp_ID],Table2[[#This Row],[Emp_ID]],Table2[Row_Concat],Table2[[#This Row],[Row_Concat]])>1,"Exact Duplicate", IF(COUNTIF(Table2[Emp_ID],Table2[[#This Row],[Emp_ID]])>1,"Mismatch","Unique")) -> Unique | AF56: =ROW() -> 56 | AG56: =IF(Table2[[#This Row],[Monthly_Salary]]="","Exclude", IF(Table2[[#This Row],[Row_Status]]="Mismatch","Exclude", IF(AND(Table2[[#This Row],[Row_Status]]="Exact Duplicate", COUNTIFS(Table2[Emp_ID],Table2[[#This Row],[Emp_ID]],Table2[Row_Concat],Table2[[#This Row],[Row_Concat]], Table2[Row_Number],"<"&Table2[[#This Row],[Row_Number]])>=1),"Delete",""))) | AH56: =VLOOKUP(Table2[[#This Row],[Department]],Raw_2!A:B,2,0) -> Night | AI56: =VLOOKUP(Table2[[#This Row],[Department]],Raw_2!A:C,3,0) -> 20
A57: ZOM1118 | B57: Employee_118_India | C57: 26 | D57: Male | E57: =IF(OR(Table2[[#This Row],[Gender]]="Male",Table2[[#This Row],[Gender]]="M"),"M", IF(OR(Table2[[#This Row],[Gender]]="Female",Table2[[#This Row],[Gender]]="F"),"F","")) -> M | F57: Pune | G57: Analytics | H57: Senior Analyst | I57: INR | J57: =IF(ISNUMBER(SEARCH("India",Table2[[#This Row],[Emp_Name]])),"INR", IF(ISNUMBER(SEARCH("Foreign",Table2[[#This Row],[Emp_Name]])),Table2[[#This Row],[Currency]],Table2[[#This Row],[Currency]])) -> INR | K57: 37000 | L57: 12 | M57: =IF(Table2[[#This Row],[Num_Month]]<>12,12,Table2[[#This Row],[Num_Month]]) -> 12 | N57: =IF(Table2[[#This Row],[Monthly_Salary]]="","",Table2[[#This Row],[Monthly_Salary]]*Table2[[#This Row],[Num_Month_Final]]) -> 444000 | O57: 2 | P57: =IF(Table2[[#This Row],[Exp_Years]]<0,ABS(Table2[[#This Row],[Exp_Years]]),Table2[[#This Row],[Exp_Years]]) -> 2 | Q57: 1 | S57: =IF(Table2[[#This Row],[Performance_Rating]]>=3,Table2[[#This Row],[Monthly_Salary]]*0.3,"") | T57: 90 | U57: 10 | V57: 6 | W57: No | X57: Hybrid | Y57: =IF(Table2[[#This Row],[Work_Mode]]<>"",Table2[[#This Row],[Work_Mode]], IF(ISNUMBER(SEARCH("India",Table2[[#This Row],[Emp_Name]])),"Office", IF(ISNUMBER(SEARCH("Foreign",Table2[[#This Row],[Emp_Name]])),"Remote",""))) -> Hybrid | AA57: =IF(OR(Table2[[#This Row],[Role]]="Intern",Table2[[#This Row],[Role]]="Administrative Assistant",Table2[[#This Row],[Role]]="Analyst"), Table2[[#This Row],[Overtime_Hours]]*250, IF(OR(Table2[[#This Row],[Role]]="Senior Analyst",Table2[[#This Row],[Role]]="Specialist",Table2[[#This Row],[Role]]="Lead Analyst"), Table2[[#This Row],[Overtime_Hours]]*300, IF(OR(Table2[[#This Row],[Role]]="Manager",Table2[[#This Row],[Role]]="Senior Manager"), Table2[[#This Row],[Overtime_Hours]]*350, ""))) -> 0 | AB57: Low | AC57: =IF(COUNTIF(Table2[Emp_ID],Table2[[#This Row],[Emp_ID]])>1,"Duplicate","Unique") -> Unique | AD57: =_xlfn.TEXTJOIN("|",TRUE,Table2[[#This Row],[Emp_ID]:[Salary_Band]]) -> ZOM1118|Employee_118_India|26|Male|M|Pune|Analytics|Senior Analyst|INR|INR|37000|12|12|444000|2|2|1|90|10|6|No|Hybrid|Hybrid|0|Low | AE57: =IF(COUNTIFS(Table2[Emp_ID],Table2[[#This Row],[Emp_ID]],Table2[Row_Concat],Table2[[#This Row],[Row_Concat]])>1,"Exact Duplicate", IF(COUNTIF(Table2[Emp_ID],Table2[[#This Row],[Emp_ID]])>1,"Mismatch","Unique")) -> Unique | AF57: =ROW() -> 57 | AG57: =IF(Table2[[#This Row],[Monthly_Salary]]="","Exclude", IF(Table2[[#This Row],[Row_Status]]="Mismatch","Exclude", IF(AND(Table2[[#This Row],[Row_Status]]="Exact Duplicate", COUNTIFS(Table2[Emp_ID],Table2[[#This Row],[Emp_ID]],Table2[Row_Concat],Table2[[#This Row],[Row_Concat]], Table2[Row_Number],"<"&Table2[[#This Row],[Row_Number]])>=1),"Delete",""))) | AH57: =VLOOKUP(Table2[[#This Row],[Department]],Raw_2!A:B,2,0) -> Day | AI57: =VLOOKUP(Table2[[#This Row],[Department]],Raw_2!A:C,3,0) -> 25
A58: ZOM1527 | B58: Employee_527_India | C58: 27 | D58: Female | E58: =IF(OR(Table2[[#This Row],[Gender]]="Male",Table2[[#This Row],[Gender]]="M"),"M", IF(OR(Table2[[#This Row],[Gender]]="Female",Table2[[#This Row],[Gender]]="F"),"F","")) -> F | F58: Indore | G58: Analytics | H58: Senior Analyst | I58: INR | J58: =IF(ISNUMBER(SEARCH("India",Table2[[#This Row],[Emp_Name]])),"INR", IF(ISNUMBER(SEARCH("Foreign",Table2[[#This Row],[Emp_Name]])),Table2[[#This Row],[Currency]],Table2[[#This Row],[Currency]])) -> INR | K58: 48000 | L58: 12 | M58: =IF(Table2[[#This Row],[Num_Month]]<>12,12,Table2[[#This Row],[Num_Month]]) -> 12 | N58: =IF(Table2[[#This Row],[Monthly_Salary]]="","",Table2[[#This Row],[Monthly_Salary]]*Table2[[#This Row],[Num_Month_Final]]) -> 576000 | O58: 4 | P58: =IF(Table2[[#This Row],[Exp_Years]]<0,ABS(Table2[[#This Row],[Exp_Years]]),Table2[[#This Row],[Exp_Years]]) -> 4 | Q58: 3 | R58: 8000 | S58: =IF(Table2[[#This Row],[Performance_Rating]]>=3,Table2[[#This Row],[Monthly_Salary]]*0.3,"") -> 14400 | T58: 80 | U58: 7 | V58: 1 | W58: Yes | X58: Hybrid | Y58: =IF(Table2[[#This Row],[Work_Mode]]<>"",Table2[[#This Row],[Work_Mode]], IF(ISNUMBER(SEARCH("India",Table2[[#This Row],[Emp_Name]])),"Office", IF(ISNUMBER(SEARCH("Foreign",Table2[[#This Row],[Emp_Name]])),"Remote",""))) -> Hybrid | AA58: =IF(OR(Table2[[#This Row],[Role]]="Intern",Table2[[#This Row],[Role]]="Administrative Assistant",Table2[[#This Row],[Role]]="Analyst"), Table2[[#This Row],[Overtime_Hours]]*250, IF(OR(Table2[[#This Row],[Role]]="Senior Analyst",Table2[[#This Row],[Role]]="Specialist",Table2[[#This Row],[Role]]="Lead Analyst"), Table2[[#This Row],[Overtime_Hours]]*300, IF(OR(Table2[[#This Row],[Role]]="Manager",Table2[[#This Row],[Role]]="Senior Manager"), Table2[[#This Row],[Overtime_Hours]]*350, ""))) -> 0 | AB58: Medium | AC58: =IF(COUNTIF(Table2[Emp_ID],Table2[[#This Row],[Emp_ID]])>1,"Duplicate","Unique") -> Unique | AD58: =_xlfn.TEXTJOIN("|",TRUE,Table2[[#This Row],[Emp_ID]:[Salary_Band]]) -> ZOM1527|Employee_527_India|27|Female|F|Indore|Analytics|Senior Analyst|INR|INR|48000|12|12|576000|4|4|3|8000|14400|80|7|1|Yes|Hybrid|Hybrid|0|Medium | AE58: =IF(COUNTIFS(Table2[Emp_ID],Table2[[#This Row],[Emp_ID]],Table2[Row_Concat],Table2[[#This Row],[Row_Concat]])>1,"Exact Duplicate", IF(COUNTIF(Table2[Emp_ID],Table2[[#This Row],[Emp_ID]])>1,"Mismatch","Unique")) -> Unique | AF58: =ROW() -> 58 | AG58: =IF(Table2[[#This Row],[Monthly_Salary]]="","Exclude", IF(Table2[[#This Row],[Row_Status]]="Mismatch","Exclude", IF(AND(Table2[[#This Row],[Row_Status]]="Exact Duplicate", COUNTIFS(Table2[Emp_ID],Table2[[#This Row],[Emp_ID]],Table2[Row_Concat],Table2[[#This Row],[Row_Concat]], Table2[Row_Number],"<"&Table2[[#This Row],[Row_Number]])>=1),"Delete",""))) | AH58: =VLOOKUP(Table2[[#This Row],[Department]],Raw_2!A:B,2,0) -> Day | AI58: =VLOOKUP(Table2[[#This Row],[Department]],Raw_2!A:C,3,0) -> 25
A59: ZOM1542 | B59: Employee_542_India | C59: 27 | D59: Male | E59: =IF(OR(Table2[[#This Row],[Gender]]="Male",Table2[[#This Row],[Gender]]="M"),"M", IF(OR(Table2[[#This Row],[Gender]]="Female",Table2[[#This Row],[Gender]]="F"),"F","")) -> M | F59: Kolkata | G59: Operations | H59: Senior Analyst | I59: INR | J59: =IF(ISNUMBER(SEARCH("India",Table2[[#This Row],[Emp_Name]])),"INR", IF(ISNUMBER(SEARCH("Foreign",Table2[[#This Row],[Emp_Name]])),Table2[[#This Row],[Currency]],Table2[[#This Row],[Currency]])) -> INR | L59: 12 | M59: =IF(Table2[[#This Row],[Num_Month]]<>12,12,Table2[[#This Row],[Num_Month]]) -> 12 | N59: =IF(Table2[[#This Row],[Monthly_Salary]]="","",Table2[[#This Row],[Monthly_Salary]]*Table2[[#This Row],[Num_Month_Final]]) | O59: 4 | P59: =IF(Table2[[#This Row],[Exp_Years]]<0,ABS(Table2[[#This Row],[Exp_Years]]),Table2[[#This Row],[Exp_Years]]) -> 4 | Q59: 2 | S59: =IF(Table2[[#This Row],[Performance_Rating]]>=3,Table2[[#This Row],[Monthly_Salary]]*0.3,"") | T59: 80 | U59: 10 | V59: 11 | W59: No | X59: Office | Y59: =IF(Table2[[#This Row],[Work_Mode]]<>"",Table2[[#This Row],[Work_Mode]], IF(ISNUMBER(SEARCH("India",Table2[[#This Row],[Emp_Name]])),"Office", IF(ISNUMBER(SEARCH("Foreign",Table2[[#This Row],[Emp_Name]])),"Remote",""))) -> Office | AA59: =IF(OR(Table2[[#This Row],[Role]]="Intern",Table2[[#This Row],[Role]]="Administrative Assistant",Table2[[#This Row],[Role]]="Analyst"), Table2[[#This Row],[Overtime_Hours]]*250, IF(OR(Table2[[#This Row],[Role]]="Senior Analyst",Table2[[#This Row],[Role]]="Specialist",Table2[[#This Row],[Role]]="Lead Analyst"), Table2[[#This Row],[Overtime_Hours]]*300, IF(OR(Table2[[#This Row],[Role]]="Manager",Table2[[#This Row],[Role]]="Senior Manager"), Table2[[#This Row],[Overtime_Hours]]*350, ""))) -> 0 | AB59: Low | AC59: =IF(COUNTIF(Table2[Emp_ID],Table2[[#This Row],[Emp_ID]])>1,"Duplicate","Unique") -> Unique | AD59: =_xlfn.TEXTJOIN("|",TRUE,Table2[[#This Row],[Emp_ID]:[Salary_Band]]) -> ZOM1542|Employee_542_India|27|Male|M|Kolkata|Operations|Senior Analyst|INR|INR|12|12|4|4|2|80|10|11|No|Office|Office|0|Low | AE59: =IF(COUNTIFS(Table2[Emp_ID],Table2[[#This Row],[Emp_ID]],Table2[Row_Concat],Table2[[#This Row],[Row_Concat]])>1,"Exact Duplicate", IF(COUNTIF(Table2[Emp_ID],Table2[[#This Row],[Emp_ID]])>1,"Mismatch","Unique")) -> Unique | AF59: =ROW() -> 59 | AG59: =IF(Table2[[#This Row],[Monthly_Salary]]="","Exclude", IF(Table2[[#This Row],[Row_Status]]="Mismatch","Exclude", IF(AND(Table2[[#This Row],[Row_Status]]="Exact Duplicate", COUNTIFS(Table2[Emp_ID],Table2[[#This Row],[Emp_ID]],Table2[Row_Concat],Table2[[#This Row],[Row_Concat]], Table2[Row_Number],"<"&Table2[[#This Row],[Row_Number]])>=1),"Delete",""))) -> Exclude | AH59: =VLOOKUP(Table2[[#This Row],[Department]],Raw_2!A:B,2,0) -> Day | AI59: =VLOOKUP(Table2[[#This Row],[Department]],Raw_2!A:C,3,0) -> 14
A60: ZOM1157 | B60: Employee_157_India | C60: 26 | E60: =IF(OR(Table2[[#This Row],[Gender]]="Male",Table2[[#This Row],[Gender]]="M"),"M", IF(OR(Table2[[#This Row],[Gender]]="Female",Table2[[#This Row],[Gender]]="F"),"F","")) | F60: Bangalore | G60: HR | H60: Senior Analyst | I60: INR | J60: =IF(ISNUMBER(SEARCH("India",Table2[[#This Row],[Emp_Name]])),"INR", IF(ISNUMBER(SEARCH("Foreign",Table2[[#This Row],[Emp_Name]])),Table2[[#This Row],[Currency]],Table2[[#This Row],[Currency]])) -> INR | K60: 53500 | L60: 12 | M60: =IF(Table2[[#This Row],[Num_Month]]<>12,12,Table2[[#This Row],[Num_Month]]) -> 12 | N60: =IF(Table2[[#This Row],[Monthly_Salary]]="","",Table2[[#This Row],[Monthly_Salary]]*Table2[[#This Row],[Num_Month_Final]]) -> 642000 | O60: 4 | P60: =IF(Table2[[#This Row],[Exp_Years]]<0,ABS(Table2[[#This Row],[Exp_Years]]),Table2[[#This Row],[Exp_Years]]) -> 4 | Q60: 2 | S60: =IF(Table2[[#This Row],[Performance_Rating]]>=3,Table2[[#This Row],[Monthly_Salary]]*0.3,"") | T60: 85 | U60: 5 | V60: 3 | X60: Hybrid | Y60: =IF(Table2[[#This Row],[Work_Mode]]<>"",Table2[[#This Row],[Work_Mode]], IF(ISNUMBER(SEARCH("India",Table2[[#This Row],[Emp_Name]])),"Office", IF(ISNUMBER(SEARCH("Foreign",Table2[[#This Row],[Emp_Name]])),"Remote",""))) -> Hybrid | AA60: =IF(OR(Table2[[#This Row],[Role]]="Intern",Table2[[#This Row],[Role]]="Administrative Assistant",Table2[[#This Row],[Role]]="Analyst"), Table2[[#This Row],[Overtime_Hours]]*250, IF(OR(Table2[[#This Row],[Role]]="Senior Analyst",Table2[[#This Row],[Role]]="Specialist",Table2[[#This Row],[Role]]="Lead Analyst"), Table2[[#This Row],[Overtime_Hours]]*300, IF(OR(Table2[[#This Row],[Role]]="Manager",Table2[[#This Row],[Role]]="Senior Manager"), Table2[[#This Row],[Overtime_Hours]]*350, ""))) -> 0 | AB60: Low | AC60: =IF(COUNTIF(Table2[Emp_ID],Table2[[#This Row],[Emp_ID]])>1,"Duplicate","Unique") -> Unique | AD60: =_xlfn.TEXTJOIN("|",TRUE,Table2[[#This Row],[Emp_ID]:[Salary_Band]]) -> ZOM1157|Employee_157_India|26|Bangalore|HR|Senior Analyst|INR|INR|53500|12|12|642000|4|4|2|85|5|3|Hybrid|Hybrid|0|Low | AE60: =IF(COUNTIFS(Table2[Emp_ID],Table2[[#This Row],[Emp_ID]],Table2[Row_Concat],Table2[[#This Row],[Row_Concat]])>1,"Exact Duplicate", IF(COUNTIF(Table2[Emp_ID],Table2[[#This Row],[Emp_ID]])>1,"Mismatch","Unique")) -> Unique | AF60: =ROW() -> 60 | AG60: =IF(Table2[[#This Row],[Monthly_Salary]]="","Exclude", IF(Table2[[#This Row],[Row_Status]]="Mismatch","Exclude", IF(AND(Table2[[#This Row],[Row_Status]]="Exact Duplicate", COUNTIFS(Table2[Emp_ID],Table2[[#This Row],[Emp_ID]],Table2[Row_Concat],Table2[[#This Row],[Row_Concat]], Table2[Row_Number],"<"&Table2[[#This Row],[Row_Number]])>=1),"Delete",""))) | AH60: =VLOOKUP(Table2[[#This Row],[Department]],Raw_2!A:B,2,0) -> Day | AI60: =VLOOKUP(Table2[[#This Row],[Department]],Raw_2!A:C,3,0) -> 10
A61: ZOM1540 | B61: Employee_540_India | C61: 25 | D61: M | E61: =IF(OR(Table2[[#This Row],[Gender]]="Male",Table2[[#This Row],[Gender]]="M"),"M", IF(OR(Table2[[#This Row],[Gender]]="Female",Table2[[#This Row],[Gender]]="F"),"F","")) -> M | F61: Hyderabad | G61: Analytics | H61: Senior Analyst | I61: INR | J61: =IF(ISNUMBER(SEARCH("India",Table2[[#This Row],[Emp_Name]])),"INR", IF(ISNUMBER(SEARCH("Foreign",Table2[[#This Row],[Emp_Name]])),Table2[[#This Row],[Currency]],Table2[[#This Row],[Currency]])) -> INR | K61: 43000 | L61: 12 | M61: =IF(Table2[[#This Row],[Num_Month]]<>12,12,Table2[[#This Row],[Num_Month]]) -> 12 | N61: =IF(Table2[[#This Row],[Monthly_Salary]]="","",Table2[[#This Row],[Monthly_Salary]]*Table2[[#This Row],[Num_Month_Final]]) -> 516000 | O61: 3 | P61: =IF(Table2[[#This Row],[Exp_Years]]<0,ABS(Table2[[#This Row],[Exp_Years]]),Table2[[#This Row],[Exp_Years]]) -> 3 | Q61: 1 | S61: =IF(Table2[[#This Row],[Performance_Rating]]>=3,Table2[[#This Row],[Monthly_Salary]]*0.3,"") | T61: 80 | U61: 15 | V61: 3 | X61: Office | Y61: =IF(Table2[[#This Row],[Work_Mode]]<>"",Table2[[#This Row],[Work_Mode]], IF(ISNUMBER(SEARCH("India",Table2[[#This Row],[Emp_Name]])),"Office", IF(ISNUMBER(SEARCH("Foreign",Table2[[#This Row],[Emp_Name]])),"Remote",""))) -> Office | Z61: 10 | AA61: =IF(OR(Table2[[#This Row],[Role]]="Intern",Table2[[#This Row],[Role]]="Administrative Assistant",Table2[[#This Row],[Role]]="Analyst"), Table2[[#This Row],[Overtime_Hours]]*250, IF(OR(Table2[[#This Row],[Role]]="Senior Analyst",Table2[[#This Row],[Role]]="Specialist",Table2[[#This Row],[Role]]="Lead Analyst"), Table2[[#This Row],[Overtime_Hours]]*300, IF(OR(Table2[[#This Row],[Role]]="Manager",Table2[[#This Row],[Role]]="Senior Manager"), Table2[[#This Row],[Overtime_Hours]]*350, ""))) -> 3000 | AB61: Low | AC61: =IF(COUNTIF(Table2[Emp_ID],Table2[[#This Row],[Emp_ID]])>1,"Duplicate","Unique") -> Unique | AD61: =_xlfn.TEXTJOIN("|",TRUE,Table2[[#This Row],[Emp_ID]:[Salary_Band]]) -> ZOM1540|Employee_540_India|25|M|M|Hyderabad|Analytics|Senior Analyst|INR|INR|43000|12|12|516000|3|3|1|80|15|3|Office|Office|10|3000|Low | AE61: =IF(COUNTIFS(Table2[Emp_ID],Table2[[#This Row],[Emp_ID]],Table2[Row_Concat],Table2[[#This Row],[Row_Concat]])>1,"Exact Duplicate", IF(COUNTIF(Table2[Emp_ID],Table2[[#This Row],[Emp_ID]])>1,"Mismatch","Unique")) -> Unique | AF61: =ROW() -> 61 | AG61: =IF(Table2[[#This Row],[Monthly_Salary]]="","Exclude", IF(Table2[[#This Row],[Row_Status]]="Mismatch","Exclude", IF(AND(Table2[[#This Row],[Row_Status]]="Exact Duplicate", COUNTIFS(Table2[Emp_ID],Table2[[#This Row],[Emp_ID]],Table2[Row_Concat],Table2[[#This Row],[Row_Concat]], Table2[Row_Number],"<"&Table2[[#This Row],[Row_Number]])>=1),"Delete",""))) | AH61: =VLOOKUP(Table2[[#This Row],[Department]],Raw_2!A:B,2,0) -> Day | AI61: =VLOOKUP(Table2[[#This Row],[Department]],Raw_2!A:C,3,0) -> 25
